{
  "modules" : [
    {
      "name" : "sap/ui/commons/Accordion.js",
      "description" : "Provides control sap.ui.commons.Accordion.",
      "size" : 26617,
      "compressedSize" : 8154,
      "required" : ["sap/ui/commons/AccordionRenderer.js", "sap/ui/commons/library.js", "sap/ui/core/Control.js", "sap/ui/dom/jquery/control.js", "sap/ui/thirdparty/jquery.js", "sap/ui/thirdparty/jqueryui/jquery-ui-core.js", "sap/ui/thirdparty/jqueryui/jquery-ui-mouse.js", "sap/ui/thirdparty/jqueryui/jquery-ui-sortable.js", "sap/ui/thirdparty/jqueryui/jquery-ui-widget.js", "ui5loader-autoconfig.js"],
      "includes" : []
    },
    {
      "name" : "sap/ui/commons/AccordionRenderer.js",
      "description" : "Provides default renderer for control sap.ui.commons.Accordion",
      "size" : 6548,
      "compressedSize" : 3944,
      "required" : ["sap/ui/Device.js", "sap/ui/commons/AccordionSection.js", "ui5loader-autoconfig.js"],
      "includes" : []
    },
    {
      "name" : "sap/ui/commons/AccordionSection.js",
      "description" : "Provides control sap.ui.commons.AccordionSection.",
      "size" : 9374,
      "compressedSize" : 3439,
      "required" : ["sap/ui/commons/library.js", "sap/ui/core/Element.js", "ui5loader-autoconfig.js"],
      "includes" : []
    },
    {
      "name" : "sap/ui/commons/ApplicationHeader.js",
      "description" : "Provides control sap.ui.commons.ApplicationHeader.",
      "size" : 5383,
      "compressedSize" : 2351,
      "required" : ["sap/ui/commons/ApplicationHeaderRenderer.js", "sap/ui/commons/Button.js", "sap/ui/commons/Image.js", "sap/ui/commons/TextView.js", "sap/ui/commons/library.js", "sap/ui/core/Control.js", "sap/ui/core/library.js", "ui5loader-autoconfig.js"],
      "includes" : []
    },
    {
      "name" : "sap/ui/commons/ApplicationHeaderRenderer.js",
      "description" : "Provides default renderer for control sap.ui.commons.ApplicationHeader",
      "size" : 4760,
      "compressedSize" : 2087,
      "required" : ["sap/ui/core/theming/Parameters.js", "ui5loader-autoconfig.js"],
      "includes" : []
    },
    {
      "name" : "sap/ui/commons/Area.js",
      "description" : "Provides control sap.ui.commons.Area.",
      "size" : 2483,
      "compressedSize" : 751,
      "required" : ["sap/ui/commons/library.js", "sap/ui/core/Element.js", "sap/ui/dom/jquery/control.js", "sap/ui/thirdparty/jquery.js", "ui5loader-autoconfig.js"],
      "includes" : []
    },
    {
      "name" : "sap/ui/commons/AutoComplete.js",
      "description" : "Provides control sap.ui.commons.AutoComplete.",
      "size" : 11557,
      "compressedSize" : 5345,
      "required" : ["jquery.sap.strings.js", "sap/ui/commons/AutoCompleteRenderer.js", "sap/ui/commons/ComboBox.js", "sap/ui/commons/TextField.js", "sap/ui/commons/library.js", "sap/ui/events/KeyCodes.js", "sap/ui/thirdparty/jquery.js", "ui5loader-autoconfig.js"],
      "includes" : []
    },
    {
      "name" : "sap/ui/commons/AutoCompleteRenderer.js",
      "description" : "Provides default renderer for control sap.ui.commons.AutoComplete",
      "size" : 2021,
      "compressedSize" : 1129,
      "required" : ["sap/ui/commons/ComboBoxRenderer.js", "sap/ui/core/Renderer.js", "sap/ui/core/library.js", "ui5loader-autoconfig.js"],
      "includes" : []
    },
    {
      "name" : "sap/ui/commons/Button.js",
      "description" : "Provides control sap.ui.commons.Button.",
      "size" : 10187,
      "compressedSize" : 3714,
      "required" : ["sap/ui/Device.js", "sap/ui/commons/ButtonRenderer.js", "sap/ui/commons/library.js", "sap/ui/core/Control.js", "sap/ui/core/EnabledPropagator.js", "sap/ui/core/IconPool.js", "ui5loader-autoconfig.js"],
      "includes" : []
    },
    {
      "name" : "sap/ui/commons/ButtonRenderer.js",
      "description" : "Provides default renderer for control sap.ui.commons.Button",
      "size" : 10520,
      "compressedSize" : 4975,
      "required" : ["sap/base/security/encodeXML.js", "sap/ui/Device.js", "sap/ui/commons/library.js", "sap/ui/core/IconPool.js", "ui5loader-autoconfig.js"],
      "includes" : []
    },
    {
      "name" : "sap/ui/commons/Callout.js",
      "description" : "Provides control sap.ui.commons.Callout.",
      "size" : 1487,
      "compressedSize" : 460,
      "required" : ["sap/ui/commons/CalloutBase.js", "sap/ui/commons/CalloutRenderer.js", "sap/ui/commons/library.js", "ui5loader-autoconfig.js"],
      "includes" : []
    },
    {
      "name" : "sap/ui/commons/CalloutBase.js",
      "description" : "Provides control sap.ui.commons.CalloutBase.",
      "size" : 20396,
      "compressedSize" : 7134,
      "required" : ["sap/ui/commons/CalloutBaseRenderer.js", "sap/ui/commons/library.js", "sap/ui/core/Popup.js", "sap/ui/core/TooltipBase.js", "sap/ui/dom/jquery/Focusable.js", "sap/ui/dom/jquery/control.js", "sap/ui/events/ControlEvents.js", "sap/ui/events/KeyCodes.js", "sap/ui/thirdparty/jquery.js", "ui5loader-autoconfig.js"],
      "includes" : []
    },
    {
      "name" : "sap/ui/commons/CalloutBaseRenderer.js",
      "description" : "! UI development toolkit for HTML5 (OpenUI5) (c) Copyright 2009-2018 SAP SE or an SAP affiliate company. Licensed under the Apache License, Version 2.0 - see LICENSE.txt.",
      "size" : 2601,
      "compressedSize" : 1376,
      "required" : ["ui5loader-autoconfig.js"],
      "includes" : []
    },
    {
      "name" : "sap/ui/commons/CalloutRenderer.js",
      "description" : "! UI development toolkit for HTML5 (OpenUI5) (c) Copyright 2009-2018 SAP SE or an SAP affiliate company. Licensed under the Apache License, Version 2.0 - see LICENSE.txt.",
      "size" : 2452,
      "compressedSize" : 595,
      "required" : ["sap/ui/commons/CalloutBaseRenderer.js", "sap/ui/core/Renderer.js", "ui5loader-autoconfig.js"],
      "includes" : []
    },
    {
      "name" : "sap/ui/commons/Carousel.js",
      "description" : "Provides control sap.ui.commons.Carousel.",
      "size" : 26605,
      "compressedSize" : 11506,
      "required" : ["sap/base/Log.js", "sap/base/strings/capitalize.js", "sap/ui/Device.js", "sap/ui/commons/CarouselRenderer.js", "sap/ui/commons/library.js", "sap/ui/core/Control.js", "sap/ui/core/ResizeHandler.js", "sap/ui/core/delegate/ItemNavigation.js", "sap/ui/dom/containsOrEquals.js", "sap/ui/events/KeyCodes.js", "sap/ui/thirdparty/jquery.js", "ui5loader-autoconfig.js"],
      "includes" : []
    },
    {
      "name" : "sap/ui/commons/CarouselRenderer.js",
      "description" : "Provides default renderer for control sap.ui.commons.Carousel",
      "size" : 5049,
      "compressedSize" : 2990,
      "required" : ["ui5loader-autoconfig.js"],
      "includes" : []
    },
    {
      "name" : "sap/ui/commons/CheckBox.js",
      "description" : "Provides control sap.ui.commons.CheckBox.",
      "size" : 7482,
      "compressedSize" : 2226,
      "required" : ["sap/ui/Device.js", "sap/ui/commons/CheckBoxRenderer.js", "sap/ui/commons/library.js", "sap/ui/core/Control.js", "sap/ui/core/library.js", "ui5loader-autoconfig.js"],
      "includes" : []
    },
    {
      "name" : "sap/ui/commons/CheckBoxRenderer.js",
      "description" : "Provides default renderer for control sap.ui.commons.CheckBox",
      "size" : 5121,
      "compressedSize" : 2138,
      "required" : ["sap/ui/core/ValueStateSupport.js", "sap/ui/core/library.js", "ui5loader-autoconfig.js"],
      "includes" : []
    },
    {
      "name" : "sap/ui/commons/ColorPicker.js",
      "description" : "Provides control sap.ui.commons.ColorPicker.",
      "size" : 1547,
      "compressedSize" : 600,
      "required" : ["sap/base/Log.js", "sap/ui/commons/library.js", "sap/ui/unified/ColorPicker.js", "ui5loader-autoconfig.js"],
      "includes" : []
    },
    {
      "name" : "sap/ui/commons/ComboBox.js",
      "description" : "Provides control sap.ui.commons.ComboBox.",
      "size" : 57570,
      "compressedSize" : 23729,
      "required" : ["jquery.sap.strings.js", "sap/ui/Device.js", "sap/ui/base/Event.js", "sap/ui/commons/ComboBoxRenderer.js", "sap/ui/commons/ListBox.js", "sap/ui/commons/TextField.js", "sap/ui/commons/library.js", "sap/ui/core/Popup.js", "sap/ui/core/library.js", "sap/ui/dom/containsOrEquals.js", "sap/ui/dom/jquery/selectText.js", "sap/ui/events/KeyCodes.js", "sap/ui/events/jquery/EventExtension.js", "sap/ui/thirdparty/jquery.js", "ui5loader-autoconfig.js"],
      "includes" : []
    },
    {
      "name" : "sap/ui/commons/ComboBoxRenderer.js",
      "description" : "Provides default renderer for control sap.ui.commons.ComboBox",
      "size" : 6414,
      "compressedSize" : 2710,
      "required" : ["sap/ui/commons/TextFieldRenderer.js", "sap/ui/core/Renderer.js", "sap/ui/core/library.js", "ui5loader-autoconfig.js"],
      "includes" : []
    },
    {
      "name" : "sap/ui/commons/DatePicker.js",
      "description" : "Provides control sap.ui.commons.DatePicker.",
      "size" : 23701,
      "compressedSize" : 11182,
      "required" : ["sap/base/Log.js", "sap/ui/Device.js", "sap/ui/commons/DatePickerRenderer.js", "sap/ui/commons/TextField.js", "sap/ui/commons/library.js", "sap/ui/core/Locale.js", "sap/ui/core/LocaleData.js", "sap/ui/core/Popup.js", "sap/ui/core/date/UniversalDate.js", "sap/ui/core/format/DateFormat.js", "sap/ui/core/library.js", "sap/ui/dom/containsOrEquals.js", "sap/ui/dom/jquery/cursorPos.js", "sap/ui/model/type/Date.js", "sap/ui/thirdparty/jquery.js", "ui5loader-autoconfig.js"],
      "includes" : []
    },
    {
      "name" : "sap/ui/commons/DatePickerRenderer.js",
      "description" : "Provides default renderer for control sap.ui.commons.DatePicker",
      "size" : 5817,
      "compressedSize" : 1572,
      "required" : ["sap/ui/commons/TextFieldRenderer.js", "sap/ui/core/Renderer.js", "sap/ui/core/ValueStateSupport.js", "sap/ui/core/library.js", "ui5loader-autoconfig.js"],
      "includes" : []
    },
    {
      "name" : "sap/ui/commons/Dialog.js",
      "description" : "Provides control sap.ui.commons.Dialog.",
      "size" : 33699,
      "compressedSize" : 11481,
      "required" : ["sap/base/Log.js", "sap/ui/commons/DialogRenderer.js", "sap/ui/commons/library.js", "sap/ui/core/Control.js", "sap/ui/core/Popup.js", "sap/ui/core/RenderManager.js", "sap/ui/core/ResizeHandler.js", "sap/ui/core/library.js", "sap/ui/dom/containsOrEquals.js", "sap/ui/dom/jquery/Selectors.js", "sap/ui/dom/jquery/control.js", "sap/ui/thirdparty/jquery.js", "ui5loader-autoconfig.js"],
      "includes" : []
    },
    {
      "name" : "sap/ui/commons/DialogRenderer.js",
      "description" : "Provides default renderer for control sap.ui.commons.Dialog",
      "size" : 4924,
      "compressedSize" : 2946,
      "required" : ["ui5loader-autoconfig.js"],
      "includes" : []
    },
    {
      "name" : "sap/ui/commons/DropdownBox.js",
      "description" : "Provides control sap.ui.commons.DropdownBox.",
      "size" : 56356,
      "compressedSize" : 22408,
      "required" : ["sap/base/Log.js", "sap/ui/Device.js", "sap/ui/commons/ComboBox.js", "sap/ui/commons/DropdownBoxRenderer.js", "sap/ui/commons/TextField.js", "sap/ui/commons/library.js", "sap/ui/core/History.js", "sap/ui/core/ListItem.js", "sap/ui/core/SeparatorItem.js", "sap/ui/dom/containsOrEquals.js", "sap/ui/dom/jquery/cursorPos.js", "sap/ui/dom/jquery/selectText.js", "sap/ui/events/KeyCodes.js", "sap/ui/events/jquery/EventExtension.js", "sap/ui/thirdparty/jquery.js", "ui5loader-autoconfig.js"],
      "includes" : []
    },
    {
      "name" : "sap/ui/commons/DropdownBoxRenderer.js",
      "description" : "Provides default renderer for control sap.ui.commons.DropdownBox",
      "size" : 3433,
      "compressedSize" : 1340,
      "required" : ["sap/ui/commons/ComboBoxRenderer.js", "sap/ui/core/Renderer.js", "sap/ui/core/library.js", "ui5loader-autoconfig.js"],
      "includes" : []
    },
    {
      "name" : "sap/ui/commons/FileUploader.js",
      "description" : "Provides control sap.ui.commons.FileUploader.",
      "size" : 1850,
      "compressedSize" : 605,
      "required" : ["sap/base/Log.js", "sap/ui/commons/FileUploaderRenderer.js", "sap/ui/commons/library.js", "sap/ui/core/Core.js", "sap/ui/unified/FileUploader.js", "ui5loader-autoconfig.js"],
      "includes" : []
    },
    {
      "name" : "sap/ui/commons/FileUploaderParameter.js",
      "description" : "Provides control sap.ui.commons.FileUploaderParameter.",
      "size" : 1613,
      "compressedSize" : 584,
      "required" : ["sap/base/Log.js", "sap/ui/commons/library.js", "sap/ui/unified/FileUploaderParameter.js", "ui5loader-autoconfig.js"],
      "includes" : []
    },
    {
      "name" : "sap/ui/commons/FileUploaderRenderer.js",
      "description" : "Provides default renderer for control sap.ui.commons.FileUploader",
      "size" : 534,
      "compressedSize" : 326,
      "required" : ["sap/ui/core/Renderer.js", "sap/ui/unified/FileUploaderRenderer.js", "ui5loader-autoconfig.js"],
      "includes" : []
    },
    {
      "name" : "sap/ui/commons/FormattedTextView.js",
      "description" : "Provides control sap.ui.commons.FormattedTextView.",
      "size" : 7336,
      "compressedSize" : 2196,
      "required" : ["sap/base/Log.js", "sap/base/security/sanitizeHTML.js", "sap/ui/commons/FormattedTextViewRenderer.js", "sap/ui/commons/library.js", "sap/ui/core/Control.js", "sap/ui/core/library.js", "ui5loader-autoconfig.js"],
      "includes" : []
    },
    {
      "name" : "sap/ui/commons/FormattedTextViewRenderer.js",
      "description" : "! UI development toolkit for HTML5 (OpenUI5) (c) Copyright 2009-2018 SAP SE or an SAP affiliate company. Licensed under the Apache License, Version 2.0 - see LICENSE.txt.",
      "size" : 2933,
      "compressedSize" : 1069,
      "required" : ["sap/base/Log.js", "ui5loader-autoconfig.js"],
      "includes" : []
    },
    {
      "name" : "sap/ui/commons/HorizontalDivider.js",
      "description" : "Provides control sap.ui.commons.HorizontalDivider.",
      "size" : 1950,
      "compressedSize" : 732,
      "required" : ["sap/ui/commons/HorizontalDividerRenderer.js", "sap/ui/commons/library.js", "sap/ui/core/Control.js", "ui5loader-autoconfig.js"],
      "includes" : []
    },
    {
      "name" : "sap/ui/commons/HorizontalDividerRenderer.js",
      "description" : "Provides default renderer for control sap.ui.commons.HorizontalDivider",
      "size" : 1586,
      "compressedSize" : 834,
      "required" : ["ui5loader-autoconfig.js"],
      "includes" : []
    },
    {
      "name" : "sap/ui/commons/Image.js",
      "description" : "Provides control sap.ui.commons.Image.",
      "size" : 3776,
      "compressedSize" : 1059,
      "required" : ["sap/ui/commons/ImageRenderer.js", "sap/ui/commons/library.js", "sap/ui/core/Control.js", "ui5loader-autoconfig.js"],
      "includes" : []
    },
    {
      "name" : "sap/ui/commons/ImageMap.js",
      "description" : "Provides control sap.ui.commons.ImageMap.",
      "size" : 4691,
      "compressedSize" : 1940,
      "required" : ["sap/ui/Device.js", "sap/ui/commons/Area.js", "sap/ui/commons/ImageMapRenderer.js", "sap/ui/commons/library.js", "sap/ui/core/Control.js", "sap/ui/core/delegate/ItemNavigation.js", "sap/ui/thirdparty/jquery.js", "ui5loader-autoconfig.js"],
      "includes" : []
    },
    {
      "name" : "sap/ui/commons/ImageMapRenderer.js",
      "description" : "! UI development toolkit for HTML5 (OpenUI5) (c) Copyright 2009-2018 SAP SE or an SAP affiliate company. Licensed under the Apache License, Version 2.0 - see LICENSE.txt.",
      "size" : 2801,
      "compressedSize" : 1423,
      "required" : ["ui5loader-autoconfig.js"],
      "includes" : []
    },
    {
      "name" : "sap/ui/commons/ImageRenderer.js",
      "description" : "Provides default renderer for control sap.ui.commons.Image",
      "size" : 2902,
      "compressedSize" : 1173,
      "required" : ["ui5loader-autoconfig.js"],
      "includes" : []
    },
    {
      "name" : "sap/ui/commons/InPlaceEdit.js",
      "description" : "Provides control sap.ui.commons.InPlaceEdit.",
      "size" : 31442,
      "compressedSize" : 13388,
      "required" : ["sap/ui/Device.js", "sap/ui/commons/Button.js", "sap/ui/commons/InPlaceEditRenderer.js", "sap/ui/commons/TextField.js", "sap/ui/commons/TextView.js", "sap/ui/commons/library.js", "sap/ui/core/Control.js", "sap/ui/core/ValueStateSupport.js", "sap/ui/core/library.js", "sap/ui/core/theming/Parameters.js", "sap/ui/dom/containsOrEquals.js", "sap/ui/events/KeyCodes.js", "ui5loader-autoconfig.js"],
      "includes" : []
    },
    {
      "name" : "sap/ui/commons/InPlaceEditRenderer.js",
      "description" : "! UI development toolkit for HTML5 (OpenUI5) (c) Copyright 2009-2018 SAP SE or an SAP affiliate company. Licensed under the Apache License, Version 2.0 - see LICENSE.txt.",
      "size" : 4635,
      "compressedSize" : 2433,
      "required" : ["sap/base/Log.js", "sap/ui/core/ValueStateSupport.js", "sap/ui/core/library.js", "ui5loader-autoconfig.js"],
      "includes" : []
    },
    {
      "name" : "sap/ui/commons/Label.js",
      "description" : "Provides control sap.ui.commons.Label.",
      "size" : 6516,
      "compressedSize" : 2275,
      "required" : ["sap/ui/commons/LabelRenderer.js", "sap/ui/commons/library.js", "sap/ui/core/Control.js", "sap/ui/core/LabelEnablement.js", "sap/ui/core/library.js", "ui5loader-autoconfig.js"],
      "includes" : []
    },
    {
      "name" : "sap/ui/commons/LabelRenderer.js",
      "description" : "Provides default renderer for control sap.ui.commons.Label",
      "size" : 3627,
      "compressedSize" : 1631,
      "required" : ["sap/ui/commons/library.js", "sap/ui/core/LabelEnablement.js", "sap/ui/core/Renderer.js", "sap/ui/core/library.js", "ui5loader-autoconfig.js"],
      "includes" : []
    },
    {
      "name" : "sap/ui/commons/Link.js",
      "description" : "Provides control sap.ui.commons.Link.",
      "size" : 5424,
      "compressedSize" : 1948,
      "required" : ["sap/ui/commons/LinkRenderer.js", "sap/ui/commons/library.js", "sap/ui/core/Control.js", "sap/ui/core/EnabledPropagator.js", "sap/ui/core/LabelEnablement.js", "ui5loader-autoconfig.js"],
      "includes" : []
    },
    {
      "name" : "sap/ui/commons/LinkRenderer.js",
      "description" : "Provides default renderer for control sap.ui.commons.Link",
      "size" : 1821,
      "compressedSize" : 958,
      "required" : ["ui5loader-autoconfig.js"],
      "includes" : []
    },
    {
      "name" : "sap/ui/commons/ListBox.js",
      "description" : "Provides control sap.ui.commons.ListBox.",
      "size" : 47366,
      "compressedSize" : 17888,
      "required" : ["sap/ui/Device.js", "sap/ui/commons/ListBoxRenderer.js", "sap/ui/commons/library.js", "sap/ui/core/Control.js", "sap/ui/core/delegate/ItemNavigation.js", "sap/ui/core/library.js", "sap/ui/thirdparty/jquery.js", "ui5loader-autoconfig.js"],
      "includes" : []
    },
    {
      "name" : "sap/ui/commons/ListBoxRenderer.js",
      "description" : "Provides default renderer for control sap.ui.commons.ListBox",
      "size" : 11166,
      "compressedSize" : 4633,
      "required" : ["jquery.sap.strings.js", "sap/base/security/encodeXML.js", "sap/ui/Device.js", "sap/ui/core/IconPool.js", "sap/ui/core/Renderer.js", "sap/ui/thirdparty/jquery.js", "ui5loader-autoconfig.js"],
      "includes" : []
    },
    {
      "name" : "sap/ui/commons/Menu.js",
      "description" : "Provides control sap.ui.commons.Menu.",
      "size" : 1589,
      "compressedSize" : 439,
      "required" : ["sap/ui/commons/MenuItemBase.js", "sap/ui/commons/MenuRenderer.js", "sap/ui/commons/library.js", "sap/ui/unified/Menu.js", "ui5loader-autoconfig.js"],
      "includes" : []
    },
    {
      "name" : "sap/ui/commons/MenuBar.js",
      "description" : "Provides control sap.ui.commons.MenuBar.",
      "size" : 16532,
      "compressedSize" : 6961,
      "required" : ["sap/ui/commons/Menu.js", "sap/ui/commons/MenuBarRenderer.js", "sap/ui/commons/MenuItem.js", "sap/ui/commons/MenuItemBase.js", "sap/ui/commons/library.js", "sap/ui/core/Control.js", "sap/ui/core/Popup.js", "sap/ui/core/ResizeHandler.js", "sap/ui/events/KeyCodes.js", "sap/ui/events/checkMouseEnterOrLeave.js", "sap/ui/thirdparty/jquery.js", "ui5loader-autoconfig.js"],
      "includes" : []
    },
    {
      "name" : "sap/ui/commons/MenuBarRenderer.js",
      "description" : "Provides default renderer for control sap.ui.commons.MenuBar",
      "size" : 3519,
      "compressedSize" : 2060,
      "required" : ["sap/ui/commons/library.js", "ui5loader-autoconfig.js"],
      "includes" : []
    },
    {
      "name" : "sap/ui/commons/MenuButton.js",
      "description" : "Provides control sap.ui.commons.MenuButton.",
      "size" : 9219,
      "compressedSize" : 2443,
      "required" : ["sap/ui/commons/Button.js", "sap/ui/commons/Menu.js", "sap/ui/commons/MenuButtonRenderer.js", "sap/ui/commons/MenuItemBase.js", "sap/ui/commons/library.js", "sap/ui/core/Popup.js", "sap/ui/events/checkMouseEnterOrLeave.js", "ui5loader-autoconfig.js"],
      "includes" : []
    },
    {
      "name" : "sap/ui/commons/MenuButtonRenderer.js",
      "description" : "Provides default renderer for control sap.ui.commons.MenuButton",
      "size" : 1850,
      "compressedSize" : 546,
      "required" : ["sap/ui/commons/ButtonRenderer.js", "sap/ui/core/Renderer.js", "ui5loader-autoconfig.js"],
      "includes" : []
    },
    {
      "name" : "sap/ui/commons/MenuItem.js",
      "description" : "Provides control sap.ui.commons.MenuItem.",
      "size" : 1438,
      "compressedSize" : 395,
      "required" : ["sap/ui/commons/MenuItemBase.js", "sap/ui/commons/library.js", "sap/ui/unified/MenuItem.js", "ui5loader-autoconfig.js"],
      "includes" : []
    },
    {
      "name" : "sap/ui/commons/MenuItemBase.js",
      "description" : "! UI development toolkit for HTML5 (OpenUI5) (c) Copyright 2009-2018 SAP SE or an SAP affiliate company. Licensed under the Apache License, Version 2.0 - see LICENSE.txt.",
      "size" : 1408,
      "compressedSize" : 534,
      "required" : ["sap/base/Log.js", "sap/ui/core/Core.js", "sap/ui/unified/MenuItemBase.js", "ui5loader-autoconfig.js"],
      "includes" : []
    },
    {
      "name" : "sap/ui/commons/MenuRenderer.js",
      "description" : "Provides default renderer for control sap.ui.commons.Menu",
      "size" : 485,
      "compressedSize" : 318,
      "required" : ["sap/ui/core/Renderer.js", "sap/ui/unified/MenuRenderer.js", "ui5loader-autoconfig.js"],
      "includes" : []
    },
    {
      "name" : "sap/ui/commons/MenuTextFieldItem.js",
      "description" : "Provides control sap.ui.commons.MenuTextFieldItem.",
      "size" : 1645,
      "compressedSize" : 413,
      "required" : ["sap/ui/commons/MenuItemBase.js", "sap/ui/commons/library.js", "sap/ui/unified/MenuTextFieldItem.js", "ui5loader-autoconfig.js"],
      "includes" : []
    },
    {
      "name" : "sap/ui/commons/Message.js",
      "description" : "Provides control sap.ui.commons.Message.",
      "size" : 10275,
      "compressedSize" : 3211,
      "required" : ["sap/ui/commons/Button.js", "sap/ui/commons/Dialog.js", "sap/ui/commons/MessageRenderer.js", "sap/ui/commons/library.js", "sap/ui/core/Control.js", "sap/ui/thirdparty/jquery.js", "ui5loader-autoconfig.js"],
      "includes" : []
    },
    {
      "name" : "sap/ui/commons/MessageBar.js",
      "description" : "Provides control sap.ui.commons.MessageBar.",
      "size" : 26192,
      "compressedSize" : 10114,
      "required" : ["sap/base/Log.js", "sap/ui/commons/MessageBarRenderer.js", "sap/ui/commons/MessageList.js", "sap/ui/commons/MessageToast.js", "sap/ui/commons/library.js", "sap/ui/core/Control.js", "sap/ui/core/Popup.js", "sap/ui/thirdparty/jquery.js", "ui5loader-autoconfig.js"],
      "includes" : []
    },
    {
      "name" : "sap/ui/commons/MessageBarRenderer.js",
      "description" : "Provides default renderer for control sap.ui.commons.MessageBar",
      "size" : 2899,
      "compressedSize" : 1292,
      "required" : ["sap/ui/core/Popup.js", "ui5loader-autoconfig.js"],
      "includes" : []
    },
    {
      "name" : "sap/ui/commons/MessageBox.js",
      "description" : "Provides class sap.ui.commons.MessageBox",
      "size" : 11552,
      "compressedSize" : 2408,
      "required" : ["sap/ui/commons/Button.js", "sap/ui/commons/Dialog.js", "sap/ui/commons/Image.js", "sap/ui/commons/TextView.js", "sap/ui/commons/layout/MatrixLayout.js", "sap/ui/commons/layout/MatrixLayoutCell.js", "sap/ui/commons/library.js", "sap/ui/core/Control.js", "sap/ui/core/ElementMetadata.js", "sap/ui/core/library.js", "sap/ui/thirdparty/jquery.js", "ui5loader-autoconfig.js"],
      "includes" : []
    },
    {
      "name" : "sap/ui/commons/MessageList.js",
      "description" : "Provides control sap.ui.commons.MessageList.",
      "size" : 6462,
      "compressedSize" : 1998,
      "required" : ["sap/ui/commons/MessageListRenderer.js", "sap/ui/commons/library.js", "sap/ui/core/Control.js", "sap/ui/core/Popup.js", "sap/ui/thirdparty/jquery.js", "ui5loader-autoconfig.js"],
      "includes" : []
    },
    {
      "name" : "sap/ui/commons/MessageListRenderer.js",
      "description" : "Provides default renderer for control sap.ui.commons.MessageList",
      "size" : 1358,
      "compressedSize" : 497,
      "required" : ["ui5loader-autoconfig.js"],
      "includes" : []
    },
    {
      "name" : "sap/ui/commons/MessageRenderer.js",
      "description" : "Provides default renderer for control sap.ui.commons.Message",
      "size" : 2201,
      "compressedSize" : 859,
      "required" : ["sap/ui/commons/Link.js", "ui5loader-autoconfig.js"],
      "includes" : []
    },
    {
      "name" : "sap/ui/commons/MessageToast.js",
      "description" : "Provides control sap.ui.commons.MessageToast.",
      "size" : 8826,
      "compressedSize" : 2436,
      "required" : ["sap/ui/commons/MessageToastRenderer.js", "sap/ui/commons/library.js", "sap/ui/core/Control.js", "sap/ui/core/Popup.js", "sap/ui/thirdparty/jquery.js", "sap/ui/thirdparty/jqueryui/jquery-ui-core.js", "sap/ui/thirdparty/jqueryui/jquery-ui-position.js", "ui5loader-autoconfig.js"],
      "includes" : []
    },
    {
      "name" : "sap/ui/commons/MessageToastRenderer.js",
      "description" : "Provides default renderer for control sap.ui.commons.MessageToast",
      "size" : 2071,
      "compressedSize" : 756,
      "required" : ["ui5loader-autoconfig.js"],
      "includes" : []
    },
    {
      "name" : "sap/ui/commons/Paginator.js",
      "description" : "Provides control sap.ui.commons.Paginator.",
      "size" : 13911,
      "compressedSize" : 4496,
      "required" : ["sap/ui/commons/PaginatorRenderer.js", "sap/ui/commons/library.js", "sap/ui/core/Control.js", "sap/ui/thirdparty/jquery.js", "ui5loader-autoconfig.js"],
      "includes" : []
    },
    {
      "name" : "sap/ui/commons/PaginatorRenderer.js",
      "description" : "Provides default renderer for control sap.ui.commons.Paginator",
      "size" : 7474,
      "compressedSize" : 3896,
      "required" : ["sap/base/security/encodeXML.js", "ui5loader-autoconfig.js"],
      "includes" : []
    },
    {
      "name" : "sap/ui/commons/Panel.js",
      "description" : "Provides control sap.ui.commons.Panel.",
      "size" : 23451,
      "compressedSize" : 8818,
      "required" : ["sap/base/assert.js", "sap/ui/commons/PanelRenderer.js", "sap/ui/commons/library.js", "sap/ui/core/Control.js", "sap/ui/core/ResizeHandler.js", "sap/ui/core/Title.js", "sap/ui/thirdparty/jquery.js", "ui5loader-autoconfig.js"],
      "includes" : []
    },
    {
      "name" : "sap/ui/commons/PanelRenderer.js",
      "description" : "Provides default renderer for control sap.ui.commons.Panel",
      "size" : 7206,
      "compressedSize" : 3390,
      "required" : ["sap/base/security/encodeXML.js", "sap/ui/core/library.js", "ui5loader-autoconfig.js"],
      "includes" : []
    },
    {
      "name" : "sap/ui/commons/PasswordField.js",
      "description" : "Provides control sap.ui.commons.PasswordField.",
      "size" : 2090,
      "compressedSize" : 829,
      "required" : ["sap/ui/Device.js", "sap/ui/commons/PasswordFieldRenderer.js", "sap/ui/commons/TextField.js", "sap/ui/commons/library.js", "sap/ui/thirdparty/jquery.js", "ui5loader-autoconfig.js"],
      "includes" : []
    },
    {
      "name" : "sap/ui/commons/PasswordFieldRenderer.js",
      "description" : "! UI development toolkit for HTML5 (OpenUI5) (c) Copyright 2009-2018 SAP SE or an SAP affiliate company. Licensed under the Apache License, Version 2.0 - see LICENSE.txt.",
      "size" : 2615,
      "compressedSize" : 1124,
      "required" : ["sap/ui/Device.js", "sap/ui/commons/TextFieldRenderer.js", "sap/ui/core/Renderer.js", "ui5loader-autoconfig.js"],
      "includes" : []
    },
    {
      "name" : "sap/ui/commons/ProgressIndicator.js",
      "description" : "Provides control sap.ui.commons.ProgressIndicator.",
      "size" : 9437,
      "compressedSize" : 4153,
      "required" : ["sap/ui/commons/ProgressIndicatorRenderer.js", "sap/ui/commons/library.js", "sap/ui/core/Control.js", "sap/ui/core/library.js", "sap/ui/thirdparty/jquery.js", "ui5loader-autoconfig.js"],
      "includes" : []
    },
    {
      "name" : "sap/ui/commons/ProgressIndicatorRenderer.js",
      "description" : "Provides default renderer for control sap.ui.commons.ProgressIndicator",
      "size" : 3941,
      "compressedSize" : 2197,
      "required" : ["ui5loader-autoconfig.js"],
      "includes" : []
    },
    {
      "name" : "sap/ui/commons/RadioButton.js",
      "description" : "Provides control sap.ui.commons.RadioButton.",
      "size" : 10429,
      "compressedSize" : 3546,
      "required" : ["sap/ui/Device.js", "sap/ui/commons/RadioButtonRenderer.js", "sap/ui/commons/library.js", "sap/ui/core/Control.js", "sap/ui/core/library.js", "sap/ui/thirdparty/jquery.js", "ui5loader-autoconfig.js"],
      "includes" : []
    },
    {
      "name" : "sap/ui/commons/RadioButtonGroup.js",
      "description" : "Provides control sap.ui.commons.RadioButtonGroup.",
      "size" : 19353,
      "compressedSize" : 8583,
      "required" : ["sap/base/Log.js", "sap/ui/commons/RadioButton.js", "sap/ui/commons/RadioButtonGroupRenderer.js", "sap/ui/commons/library.js", "sap/ui/core/Control.js", "sap/ui/core/delegate/ItemNavigation.js", "sap/ui/core/library.js", "ui5loader-autoconfig.js"],
      "includes" : []
    },
    {
      "name" : "sap/ui/commons/RadioButtonGroupRenderer.js",
      "description" : "Provides default renderer for control sap.ui.commons.RadioButtonGroup",
      "size" : 3186,
      "compressedSize" : 1409,
      "required" : ["sap/ui/core/library.js", "ui5loader-autoconfig.js"],
      "includes" : []
    },
    {
      "name" : "sap/ui/commons/RadioButtonRenderer.js",
      "description" : "Provides default renderer for control sap.ui.commons.RadioButton",
      "size" : 5546,
      "compressedSize" : 2548,
      "required" : ["sap/ui/core/ValueStateSupport.js", "sap/ui/core/library.js", "ui5loader-autoconfig.js"],
      "includes" : []
    },
    {
      "name" : "sap/ui/commons/RangeSlider.js",
      "description" : "Provides control sap.ui.commons.RangeSlider.",
      "size" : 17006,
      "compressedSize" : 7355,
      "required" : ["sap/ui/commons/RangeSliderRenderer.js", "sap/ui/commons/Slider.js", "sap/ui/commons/library.js", "ui5loader-autoconfig.js"],
      "includes" : []
    },
    {
      "name" : "sap/ui/commons/RangeSliderRenderer.js",
      "description" : "Provides default renderer for control sap.ui.commons.RangeSlider",
      "size" : 3295,
      "compressedSize" : 1541,
      "required" : ["sap/ui/commons/SliderRenderer.js", "sap/ui/core/Renderer.js", "ui5loader-autoconfig.js"],
      "includes" : []
    },
    {
      "name" : "sap/ui/commons/RatingIndicator.js",
      "description" : "Provides control sap.ui.commons.RatingIndicator.",
      "size" : 14470,
      "compressedSize" : 5227,
      "required" : ["sap/ui/Device.js", "sap/ui/commons/RatingIndicatorRenderer.js", "sap/ui/commons/library.js", "sap/ui/core/Control.js", "sap/ui/core/theming/Parameters.js", "sap/ui/events/checkMouseEnterOrLeave.js", "sap/ui/thirdparty/jquery.js", "ui5loader-autoconfig.js"],
      "includes" : []
    },
    {
      "name" : "sap/ui/commons/RatingIndicatorRenderer.js",
      "description" : "Provides default renderer for control sap.ui.commons.RatingIndicator",
      "size" : 5892,
      "compressedSize" : 2674,
      "required" : ["sap/ui/core/theming/Parameters.js", "ui5loader-autoconfig.js"],
      "includes" : []
    },
    {
      "name" : "sap/ui/commons/ResponsiveContainer.js",
      "description" : "Provides control sap.ui.commons.ResponsiveContainer.",
      "size" : 5845,
      "compressedSize" : 2292,
      "required" : ["sap/ui/commons/ResponsiveContainerRenderer.js", "sap/ui/commons/library.js", "sap/ui/core/Control.js", "sap/ui/core/ResizeHandler.js", "ui5loader-autoconfig.js"],
      "includes" : []
    },
    {
      "name" : "sap/ui/commons/ResponsiveContainerRange.js",
      "description" : "Provides control sap.ui.commons.ResponsiveContainerRange.",
      "size" : 1810,
      "compressedSize" : 640,
      "required" : ["sap/ui/commons/library.js", "sap/ui/core/Element.js", "ui5loader-autoconfig.js"],
      "includes" : []
    },
    {
      "name" : "sap/ui/commons/ResponsiveContainerRenderer.js",
      "description" : "Provides default renderer for control sap.ui.commons.ResponsiveContainer",
      "size" : 1794,
      "compressedSize" : 831,
      "required" : ["ui5loader-autoconfig.js"],
      "includes" : []
    },
    {
      "name" : "sap/ui/commons/RichTooltip.js",
      "description" : "Provides control sap.ui.commons.RichTooltip.",
      "size" : 6597,
      "compressedSize" : 2504,
      "required" : ["sap/ui/commons/FormattedTextView.js", "sap/ui/commons/RichTooltipRenderer.js", "sap/ui/commons/library.js", "sap/ui/core/TooltipBase.js", "sap/ui/dom/jquery/control.js", "sap/ui/thirdparty/jquery.js", "ui5loader-autoconfig.js"],
      "includes" : []
    },
    {
      "name" : "sap/ui/commons/RichTooltipRenderer.js",
      "description" : "Provides default renderer for control sap.ui.commons.RichTooltip",
      "size" : 4078,
      "compressedSize" : 1994,
      "required" : ["sap/ui/core/ValueStateSupport.js", "sap/ui/core/library.js", "ui5loader-autoconfig.js"],
      "includes" : []
    },
    {
      "name" : "sap/ui/commons/RoadMap.js",
      "description" : "Provides control sap.ui.commons.RoadMap.",
      "size" : 15235,
      "compressedSize" : 6109,
      "required" : ["sap/ui/Device.js", "sap/ui/commons/RoadMapRenderer.js", "sap/ui/commons/library.js", "sap/ui/core/Control.js", "sap/ui/core/ResizeHandler.js", "sap/ui/thirdparty/jquery.js", "ui5loader-autoconfig.js"],
      "includes" : []
    },
    {
      "name" : "sap/ui/commons/RoadMapRenderer.js",
      "description" : "Provides default renderer for control sap.ui.commons.RoadMap",
      "size" : 30102,
      "compressedSize" : 11983,
      "required" : ["sap/base/security/encodeXML.js", "sap/ui/Device.js", "sap/ui/thirdparty/jquery.js", "sap/ui/thirdparty/jqueryui/jquery-ui-position.js", "ui5loader-autoconfig.js"],
      "includes" : []
    },
    {
      "name" : "sap/ui/commons/RoadMapStep.js",
      "description" : "Provides control sap.ui.commons.RoadMapStep.",
      "size" : 7875,
      "compressedSize" : 3111,
      "required" : ["sap/ui/commons/RoadMapRenderer.js", "sap/ui/commons/library.js", "sap/ui/core/Element.js", "sap/ui/dom/containsOrEquals.js", "ui5loader-autoconfig.js"],
      "includes" : []
    },
    {
      "name" : "sap/ui/commons/RowRepeater.js",
      "description" : "Provides control sap.ui.commons.RowRepeater.",
      "size" : 43677,
      "compressedSize" : 17147,
      "required" : ["sap/ui/commons/Button.js", "sap/ui/commons/Paginator.js", "sap/ui/commons/RowRepeaterRenderer.js", "sap/ui/commons/Toolbar.js", "sap/ui/commons/library.js", "sap/ui/core/Control.js", "sap/ui/model/FilterType.js", "sap/ui/thirdparty/jquery.js", "ui5loader-autoconfig.js"],
      "includes" : []
    },
    {
      "name" : "sap/ui/commons/RowRepeaterFilter.js",
      "description" : "Provides control sap.ui.commons.RowRepeaterFilter.",
      "size" : 1694,
      "compressedSize" : 549,
      "required" : ["sap/ui/commons/library.js", "sap/ui/core/Element.js", "ui5loader-autoconfig.js"],
      "includes" : []
    },
    {
      "name" : "sap/ui/commons/RowRepeaterRenderer.js",
      "description" : "Provides default renderer for control sap.ui.commons.RowRepeater",
      "size" : 10591,
      "compressedSize" : 3699,
      "required" : ["sap/ui/commons/Button.js", "sap/ui/commons/Paginator.js", "sap/ui/commons/Toolbar.js", "sap/ui/commons/library.js", "ui5loader-autoconfig.js"],
      "includes" : []
    },
    {
      "name" : "sap/ui/commons/RowRepeaterSorter.js",
      "description" : "Provides control sap.ui.commons.RowRepeaterSorter.",
      "size" : 1685,
      "compressedSize" : 548,
      "required" : ["sap/ui/commons/library.js", "sap/ui/core/Element.js", "ui5loader-autoconfig.js"],
      "includes" : []
    },
    {
      "name" : "sap/ui/commons/SearchField.js",
      "description" : "Provides control sap.ui.commons.SearchField.",
      "size" : 30412,
      "compressedSize" : 15933,
      "required" : ["sap/ui/Device.js", "sap/ui/commons/Button.js", "sap/ui/commons/ComboBox.js", "sap/ui/commons/ComboBoxRenderer.js", "sap/ui/commons/ListBox.js", "sap/ui/commons/SearchFieldRenderer.js", "sap/ui/commons/TextField.js", "sap/ui/commons/TextFieldRenderer.js", "sap/ui/commons/library.js", "sap/ui/core/Control.js", "sap/ui/core/History.js", "sap/ui/core/ListItem.js", "sap/ui/core/Renderer.js", "sap/ui/core/SeparatorItem.js", "sap/ui/core/library.js", "sap/ui/dom/containsOrEquals.js", "sap/ui/dom/jquery/getSelectedText.js", "sap/ui/events/KeyCodes.js", "sap/ui/thirdparty/jquery.js", "ui5loader-autoconfig.js"],
      "includes" : []
    },
    {
      "name" : "sap/ui/commons/SearchFieldRenderer.js",
      "description" : "Provides default renderer for control sap.ui.commons.SearchField",
      "size" : 2128,
      "compressedSize" : 1012,
      "required" : ["ui5loader-autoconfig.js"],
      "includes" : []
    },
    {
      "name" : "sap/ui/commons/SearchProvider.js",
      "description" : "Provides control sap.ui.commons.SearchProvider.",
      "size" : 1583,
      "compressedSize" : 500,
      "required" : ["sap/ui/commons/library.js", "sap/ui/core/search/OpenSearchProvider.js", "ui5loader-autoconfig.js"],
      "includes" : []
    },
    {
      "name" : "sap/ui/commons/SegmentedButton.js",
      "description" : "Provides control sap.ui.commons.SegmentedButton.",
      "size" : 8388,
      "compressedSize" : 4440,
      "required" : ["sap/ui/commons/SegmentedButtonRenderer.js", "sap/ui/core/Control.js", "sap/ui/core/delegate/ItemNavigation.js", "sap/ui/thirdparty/jquery.js", "ui5loader-autoconfig.js"],
      "includes" : []
    },
    {
      "name" : "sap/ui/commons/SegmentedButtonRenderer.js",
      "description" : "! UI development toolkit for HTML5 (OpenUI5) (c) Copyright 2009-2018 SAP SE or an SAP affiliate company. Licensed under the Apache License, Version 2.0 - see LICENSE.txt.",
      "size" : 1927,
      "compressedSize" : 993,
      "required" : ["ui5loader-autoconfig.js"],
      "includes" : []
    },
    {
      "name" : "sap/ui/commons/Slider.js",
      "description" : "Provides control sap.ui.commons.Slider.",
      "size" : 46787,
      "compressedSize" : 20328,
      "required" : ["sap/base/Log.js", "sap/ui/commons/SliderRenderer.js", "sap/ui/commons/library.js", "sap/ui/core/Control.js", "sap/ui/core/EnabledPropagator.js", "sap/ui/core/ResizeHandler.js", "sap/ui/dom/containsOrEquals.js", "sap/ui/events/ControlEvents.js", "sap/ui/thirdparty/jquery.js", "ui5loader-autoconfig.js"],
      "includes" : []
    },
    {
      "name" : "sap/ui/commons/SliderRenderer.js",
      "description" : "Provides default renderer for control sap.ui.commons.Slider",
      "size" : 5488,
      "compressedSize" : 2755,
      "required" : ["ui5loader-autoconfig.js"],
      "includes" : []
    },
    {
      "name" : "sap/ui/commons/Splitter.js",
      "description" : "Provides control sap.ui.commons.Splitter.",
      "size" : 23219,
      "compressedSize" : 11041,
      "required" : ["jquery.sap.events.js", "sap/ui/commons/SplitterRenderer.js", "sap/ui/commons/library.js", "sap/ui/core/Control.js", "sap/ui/core/Popup.js", "sap/ui/core/ResizeHandler.js", "sap/ui/core/delegate/ItemNavigation.js", "sap/ui/core/library.js", "sap/ui/thirdparty/jquery.js", "ui5loader-autoconfig.js"],
      "includes" : []
    },
    {
      "name" : "sap/ui/commons/SplitterRenderer.js",
      "description" : "Provides default renderer for control sap.ui.commons.Splitter",
      "size" : 4279,
      "compressedSize" : 2087,
      "required" : ["sap/ui/core/library.js", "ui5loader-autoconfig.js"],
      "includes" : []
    },
    {
      "name" : "sap/ui/commons/Tab.js",
      "description" : "Provides control sap.ui.commons.Tab.",
      "size" : 7272,
      "compressedSize" : 2547,
      "required" : ["sap/ui/commons/Panel.js", "sap/ui/commons/library.js", "sap/ui/core/library.js", "ui5loader-autoconfig.js"],
      "includes" : []
    },
    {
      "name" : "sap/ui/commons/TabStrip.js",
      "description" : "Provides control sap.ui.commons.TabStrip.",
      "size" : 34257,
      "compressedSize" : 15936,
      "required" : ["sap/base/Log.js", "sap/ui/Device.js", "sap/ui/commons/Tab.js", "sap/ui/commons/TabStripRenderer.js", "sap/ui/commons/library.js", "sap/ui/core/Control.js", "sap/ui/core/Icon.js", "sap/ui/core/ResizeHandler.js", "sap/ui/core/Title.js", "sap/ui/core/delegate/ItemNavigation.js", "sap/ui/core/delegate/ScrollEnablement.js", "sap/ui/dom/jquery/parentByAttribute.js", "sap/ui/dom/jquery/zIndex.js", "sap/ui/events/KeyCodes.js", "sap/ui/thirdparty/jquery.js", "sap/ui/thirdparty/jqueryui/jquery-ui-position.js", "ui5loader-autoconfig.js"],
      "includes" : []
    },
    {
      "name" : "sap/ui/commons/TabStripRenderer.js",
      "description" : "Provides default renderer for control sap.ui.commons.TabStrip",
      "size" : 6614,
      "compressedSize" : 3460,
      "required" : ["sap/base/Log.js", "ui5loader-autoconfig.js"],
      "includes" : []
    },
    {
      "name" : "sap/ui/commons/TextArea.js",
      "description" : "Provides control sap.ui.commons.TextArea.",
      "size" : 11087,
      "compressedSize" : 4441,
      "required" : ["sap/ui/Device.js", "sap/ui/commons/TextAreaRenderer.js", "sap/ui/commons/TextField.js", "sap/ui/commons/library.js", "sap/ui/dom/jquery/cursorPos.js", "sap/ui/dom/jquery/selectText.js", "sap/ui/events/KeyCodes.js", "sap/ui/thirdparty/jquery.js", "ui5loader-autoconfig.js"],
      "includes" : []
    },
    {
      "name" : "sap/ui/commons/TextAreaRenderer.js",
      "description" : "Provides default renderer for control sap.ui.commons.TextArea",
      "size" : 3635,
      "compressedSize" : 1612,
      "required" : ["sap/ui/Device.js", "sap/ui/commons/TextFieldRenderer.js", "sap/ui/core/Renderer.js", "sap/ui/core/library.js", "ui5loader-autoconfig.js"],
      "includes" : []
    },
    {
      "name" : "sap/ui/commons/TextField.js",
      "description" : "Provides control sap.ui.commons.TextField.",
      "size" : 26748,
      "compressedSize" : 10497,
      "required" : ["sap/ui/Device.js", "sap/ui/commons/TextFieldRenderer.js", "sap/ui/commons/library.js", "sap/ui/core/Control.js", "sap/ui/core/ValueStateSupport.js", "sap/ui/core/library.js", "sap/ui/dom/jquery/cursorPos.js", "sap/ui/dom/jquery/selectText.js", "sap/ui/events/KeyCodes.js", "sap/ui/thirdparty/jquery.js", "ui5loader-autoconfig.js"],
      "includes" : []
    },
    {
      "name" : "sap/ui/commons/TextFieldRenderer.js",
      "description" : "Provides default renderer for control sap.ui.commons.TextField",
      "size" : 11989,
      "compressedSize" : 6428,
      "required" : ["sap/ui/Device.js", "sap/ui/core/Renderer.js", "sap/ui/core/ValueStateSupport.js", "sap/ui/core/library.js", "ui5loader-autoconfig.js"],
      "includes" : []
    },
    {
      "name" : "sap/ui/commons/TextView.js",
      "description" : "Provides control sap.ui.commons.TextView.",
      "size" : 4728,
      "compressedSize" : 1815,
      "required" : ["sap/base/security/encodeXML.js", "sap/ui/commons/TextViewRenderer.js", "sap/ui/commons/library.js", "sap/ui/core/Control.js", "sap/ui/core/library.js", "ui5loader-autoconfig.js"],
      "includes" : []
    },
    {
      "name" : "sap/ui/commons/TextViewRenderer.js",
      "description" : "Provides default renderer for control sap.ui.commons.TextView",
      "size" : 5244,
      "compressedSize" : 2155,
      "required" : ["sap/ui/commons/library.js", "sap/ui/core/Renderer.js", "ui5loader-autoconfig.js"],
      "includes" : []
    },
    {
      "name" : "sap/ui/commons/Title.js",
      "description" : "Provides control sap.ui.commons.Title.",
      "size" : 2010,
      "compressedSize" : 367,
      "required" : ["sap/ui/commons/library.js", "sap/ui/core/Title.js", "ui5loader-autoconfig.js"],
      "includes" : []
    },
    {
      "name" : "sap/ui/commons/ToggleButton.js",
      "description" : "Provides control sap.ui.commons.ToggleButton.",
      "size" : 2915,
      "compressedSize" : 1311,
      "required" : ["sap/ui/commons/Button.js", "sap/ui/commons/ToggleButtonRenderer.js", "ui5loader-autoconfig.js"],
      "includes" : []
    },
    {
      "name" : "sap/ui/commons/ToggleButtonRenderer.js",
      "description" : "Provides default renderer for control sap.ui.commons.Togglebutton",
      "size" : 3142,
      "compressedSize" : 1220,
      "required" : ["sap/ui/commons/ButtonRenderer.js", "sap/ui/core/Renderer.js", "ui5loader-autoconfig.js"],
      "includes" : []
    },
    {
      "name" : "sap/ui/commons/Toolbar.js",
      "description" : "Provides control sap.ui.commons.Toolbar.",
      "size" : 34068,
      "compressedSize" : 13069,
      "required" : ["sap/base/assert.js", "sap/ui/commons/ToolbarRenderer.js", "sap/ui/commons/library.js", "sap/ui/core/Control.js", "sap/ui/core/Element.js", "sap/ui/core/Popup.js", "sap/ui/core/ResizeHandler.js", "sap/ui/core/delegate/ItemNavigation.js", "sap/ui/dom/containsOrEquals.js", "sap/ui/events/KeyCodes.js", "sap/ui/thirdparty/jquery.js", "ui5loader-autoconfig.js"],
      "includes" : []
    },
    {
      "name" : "sap/ui/commons/ToolbarRenderer.js",
      "description" : "Provides default renderer for control sap.ui.commons.Toolbar",
      "size" : 9714,
      "compressedSize" : 3717,
      "required" : ["sap/base/Log.js", "sap/base/assert.js", "sap/ui/commons/ToolbarSeparator.js", "sap/ui/commons/library.js", "sap/ui/thirdparty/jquery.js", "ui5loader-autoconfig.js"],
      "includes" : []
    },
    {
      "name" : "sap/ui/commons/ToolbarSeparator.js",
      "description" : "Provides control sap.ui.commons.ToolbarSeparator.",
      "size" : 1805,
      "compressedSize" : 638,
      "required" : ["sap/ui/commons/library.js", "sap/ui/core/Element.js", "ui5loader-autoconfig.js"],
      "includes" : []
    },
    {
      "name" : "sap/ui/commons/Tree.js",
      "description" : "Provides control sap.ui.commons.Tree.",
      "size" : 32428,
      "compressedSize" : 12789,
      "required" : ["sap/base/Log.js", "sap/ui/commons/Button.js", "sap/ui/commons/TreeRenderer.js", "sap/ui/commons/library.js", "sap/ui/core/Control.js", "sap/ui/thirdparty/jquery.js", "ui5loader-autoconfig.js"],
      "includes" : []
    },
    {
      "name" : "sap/ui/commons/TreeNode.js",
      "description" : "Provides control sap.ui.commons.TreeNode.",
      "size" : 18052,
      "compressedSize" : 6214,
      "required" : ["sap/ui/commons/Tree.js", "sap/ui/commons/library.js", "sap/ui/core/CustomStyleClassSupport.js", "sap/ui/core/Element.js", "sap/ui/thirdparty/jquery.js", "ui5loader-autoconfig.js"],
      "includes" : []
    },
    {
      "name" : "sap/ui/commons/TreeRenderer.js",
      "description" : "Provides default renderer for control sap.ui.commons.TreeRenderer",
      "size" : 5866,
      "compressedSize" : 3199,
      "required" : ["ui5loader-autoconfig.js"],
      "includes" : []
    },
    {
      "name" : "sap/ui/commons/TriStateCheckBox.js",
      "description" : "Provides control sap.ui.commons.TriStateCheckBox.",
      "size" : 6035,
      "compressedSize" : 1831,
      "required" : ["sap/ui/Device.js", "sap/ui/commons/TriStateCheckBoxRenderer.js", "sap/ui/commons/library.js", "sap/ui/core/Control.js", "sap/ui/core/library.js", "ui5loader-autoconfig.js"],
      "includes" : []
    },
    {
      "name" : "sap/ui/commons/TriStateCheckBoxRenderer.js",
      "description" : "Provides default renderer for control sap.ui.commons.TriStateCheckBox",
      "size" : 4364,
      "compressedSize" : 1919,
      "required" : ["sap/ui/core/ValueStateSupport.js", "sap/ui/core/library.js", "ui5loader-autoconfig.js"],
      "includes" : []
    },
    {
      "name" : "sap/ui/commons/ValueHelpField.js",
      "description" : "Provides control sap.ui.commons.ValueHelpField.",
      "size" : 5968,
      "compressedSize" : 2988,
      "required" : ["sap/ui/commons/TextField.js", "sap/ui/commons/ValueHelpFieldRenderer.js", "sap/ui/commons/library.js", "sap/ui/core/IconPool.js", "sap/ui/core/theming/Parameters.js", "ui5loader-autoconfig.js"],
      "includes" : []
    },
    {
      "name" : "sap/ui/commons/ValueHelpFieldRenderer.js",
      "description" : "Provides default renderer for control sap.ui.commons.ValueHelpField",
      "size" : 5717,
      "compressedSize" : 1161,
      "required" : ["sap/ui/commons/TextFieldRenderer.js", "sap/ui/core/IconPool.js", "sap/ui/core/Renderer.js", "ui5loader-autoconfig.js"],
      "includes" : []
    },
    {
      "name" : "sap/ui/commons/form/Form.js",
      "description" : "Provides control sap.ui.commons.form.Form.",
      "size" : 2037,
      "compressedSize" : 409,
      "required" : ["sap/ui/commons/form/FormRenderer.js", "sap/ui/commons/library.js", "sap/ui/layout/form/Form.js", "ui5loader-autoconfig.js"],
      "includes" : []
    },
    {
      "name" : "sap/ui/commons/form/FormContainer.js",
      "description" : "Provides control sap.ui.commons.form.FormContainer.",
      "size" : 1986,
      "compressedSize" : 408,
      "required" : ["sap/ui/commons/library.js", "sap/ui/layout/form/FormContainer.js", "ui5loader-autoconfig.js"],
      "includes" : []
    },
    {
      "name" : "sap/ui/commons/form/FormElement.js",
      "description" : "Provides control sap.ui.commons.form.FormElement.",
      "size" : 2019,
      "compressedSize" : 404,
      "required" : ["sap/ui/commons/library.js", "sap/ui/layout/form/FormElement.js", "ui5loader-autoconfig.js"],
      "includes" : []
    },
    {
      "name" : "sap/ui/commons/form/FormLayout.js",
      "description" : "Provides control sap.ui.commons.form.FormLayout.",
      "size" : 1333,
      "compressedSize" : 427,
      "required" : ["sap/ui/commons/form/FormLayoutRenderer.js", "sap/ui/commons/library.js", "sap/ui/layout/form/FormLayout.js", "ui5loader-autoconfig.js"],
      "includes" : []
    },
    {
      "name" : "sap/ui/commons/form/FormLayoutRenderer.js",
      "description" : "! UI development toolkit for HTML5 (OpenUI5) (c) Copyright 2009-2018 SAP SE or an SAP affiliate company. Licensed under the Apache License, Version 2.0 - see LICENSE.txt.",
      "size" : 457,
      "compressedSize" : 328,
      "required" : ["sap/ui/core/Renderer.js", "sap/ui/layout/form/FormLayoutRenderer.js", "ui5loader-autoconfig.js"],
      "includes" : []
    },
    {
      "name" : "sap/ui/commons/form/FormRenderer.js",
      "description" : "! UI development toolkit for HTML5 (OpenUI5) (c) Copyright 2009-2018 SAP SE or an SAP affiliate company. Licensed under the Apache License, Version 2.0 - see LICENSE.txt.",
      "size" : 427,
      "compressedSize" : 322,
      "required" : ["sap/ui/core/Renderer.js", "sap/ui/layout/form/FormRenderer.js", "ui5loader-autoconfig.js"],
      "includes" : []
    },
    {
      "name" : "sap/ui/commons/form/GridContainerData.js",
      "description" : "Provides control sap.ui.commons.form.GridContainerData.",
      "size" : 1467,
      "compressedSize" : 416,
      "required" : ["sap/ui/commons/library.js", "sap/ui/layout/form/GridContainerData.js", "ui5loader-autoconfig.js"],
      "includes" : []
    },
    {
      "name" : "sap/ui/commons/form/GridElementData.js",
      "description" : "Provides control sap.ui.commons.form.GridElementData.",
      "size" : 1416,
      "compressedSize" : 412,
      "required" : ["sap/ui/commons/library.js", "sap/ui/layout/form/GridElementData.js", "ui5loader-autoconfig.js"],
      "includes" : []
    },
    {
      "name" : "sap/ui/commons/form/GridLayout.js",
      "description" : "Provides control sap.ui.commons.form.GridLayout.",
      "size" : 1521,
      "compressedSize" : 427,
      "required" : ["sap/ui/commons/form/GridLayoutRenderer.js", "sap/ui/commons/library.js", "sap/ui/layout/form/GridLayout.js", "ui5loader-autoconfig.js"],
      "includes" : []
    },
    {
      "name" : "sap/ui/commons/form/GridLayoutRenderer.js",
      "description" : "! UI development toolkit for HTML5 (OpenUI5) (c) Copyright 2009-2018 SAP SE or an SAP affiliate company. Licensed under the Apache License, Version 2.0 - see LICENSE.txt.",
      "size" : 456,
      "compressedSize" : 328,
      "required" : ["sap/ui/core/Renderer.js", "sap/ui/layout/form/GridLayoutRenderer.js", "ui5loader-autoconfig.js"],
      "includes" : []
    },
    {
      "name" : "sap/ui/commons/form/ResponsiveLayout.js",
      "description" : "Provides control sap.ui.commons.form.ResponsiveLayout.",
      "size" : 1426,
      "compressedSize" : 445,
      "required" : ["sap/ui/commons/form/ResponsiveLayoutRenderer.js", "sap/ui/commons/library.js", "sap/ui/layout/form/ResponsiveLayout.js", "ui5loader-autoconfig.js"],
      "includes" : []
    },
    {
      "name" : "sap/ui/commons/form/ResponsiveLayoutRenderer.js",
      "description" : "! UI development toolkit for HTML5 (OpenUI5) (c) Copyright 2009-2018 SAP SE or an SAP affiliate company. Licensed under the Apache License, Version 2.0 - see LICENSE.txt.",
      "size" : 486,
      "compressedSize" : 334,
      "required" : ["sap/ui/core/Renderer.js", "sap/ui/layout/form/ResponsiveLayoutRenderer.js", "ui5loader-autoconfig.js"],
      "includes" : []
    },
    {
      "name" : "sap/ui/commons/form/SimpleForm.js",
      "description" : "Provides control sap.ui.commons.form.SimpleForm.",
      "size" : 2354,
      "compressedSize" : 427,
      "required" : ["sap/ui/commons/form/SimpleFormRenderer.js", "sap/ui/commons/library.js", "sap/ui/layout/form/SimpleForm.js", "ui5loader-autoconfig.js"],
      "includes" : []
    },
    {
      "name" : "sap/ui/commons/form/SimpleFormRenderer.js",
      "description" : "! UI development toolkit for HTML5 (OpenUI5) (c) Copyright 2009-2018 SAP SE or an SAP affiliate company. Licensed under the Apache License, Version 2.0 - see LICENSE.txt.",
      "size" : 456,
      "compressedSize" : 328,
      "required" : ["sap/ui/core/Renderer.js", "sap/ui/layout/form/SimpleFormRenderer.js", "ui5loader-autoconfig.js"],
      "includes" : []
    },
    {
      "name" : "sap/ui/commons/layout/AbsoluteLayout.js",
      "description" : "Provides control sap.ui.commons.layout.AbsoluteLayout.",
      "size" : 18344,
      "compressedSize" : 5335,
      "required" : ["sap/ui/commons/layout/AbsoluteLayoutRenderer.js", "sap/ui/commons/layout/PositionContainer.js", "sap/ui/commons/library.js", "sap/ui/core/Control.js", "sap/ui/core/library.js", "sap/ui/thirdparty/jquery.js", "ui5loader-autoconfig.js"],
      "includes" : []
    },
    {
      "name" : "sap/ui/commons/layout/AbsoluteLayoutRenderer.js",
      "description" : "Provides default renderer for control sap.ui.commons.layout.AbsoluteLayout",
      "size" : 5329,
      "compressedSize" : 2362,
      "required" : ["sap/ui/core/library.js", "ui5loader-autoconfig.js"],
      "includes" : []
    },
    {
      "name" : "sap/ui/commons/layout/BorderLayout.js",
      "description" : "Provides control sap.ui.commons.layout.BorderLayout.",
      "size" : 12067,
      "compressedSize" : 2988,
      "required" : ["sap/base/assert.js", "sap/ui/commons/layout/BorderLayoutArea.js", "sap/ui/commons/layout/BorderLayoutRenderer.js", "sap/ui/commons/library.js", "sap/ui/core/Control.js", "ui5loader-autoconfig.js"],
      "includes" : []
    },
    {
      "name" : "sap/ui/commons/layout/BorderLayoutArea.js",
      "description" : "Provides control sap.ui.commons.layout.BorderLayoutArea.",
      "size" : 3524,
      "compressedSize" : 1424,
      "required" : ["sap/ui/commons/library.js", "sap/ui/core/CustomStyleClassSupport.js", "sap/ui/core/Element.js", "ui5loader-autoconfig.js"],
      "includes" : []
    },
    {
      "name" : "sap/ui/commons/layout/BorderLayoutRenderer.js",
      "description" : "Provides default renderer for control sap.ui.commons.layout.BorderLayout",
      "size" : 5965,
      "compressedSize" : 2867,
      "required" : ["sap/base/assert.js", "sap/base/security/encodeXML.js", "sap/ui/thirdparty/jquery.js", "ui5loader-autoconfig.js"],
      "includes" : []
    },
    {
      "name" : "sap/ui/commons/layout/HorizontalLayout.js",
      "description" : "Provides control sap.ui.commons.layout.HorizontalLayout.",
      "size" : 1384,
      "compressedSize" : 426,
      "required" : ["sap/ui/commons/layout/HorizontalLayoutRenderer.js", "sap/ui/commons/library.js", "sap/ui/layout/HorizontalLayout.js", "ui5loader-autoconfig.js"],
      "includes" : []
    },
    {
      "name" : "sap/ui/commons/layout/HorizontalLayoutRenderer.js",
      "description" : "! UI development toolkit for HTML5 (OpenUI5) (c) Copyright 2009-2018 SAP SE or an SAP affiliate company. Licensed under the Apache License, Version 2.0 - see LICENSE.txt.",
      "size" : 482,
      "compressedSize" : 329,
      "required" : ["sap/ui/core/Renderer.js", "sap/ui/layout/HorizontalLayoutRenderer.js", "ui5loader-autoconfig.js"],
      "includes" : []
    },
    {
      "name" : "sap/ui/commons/layout/MatrixLayout.js",
      "description" : "Provides control sap.ui.commons.layout.MatrixLayout.",
      "size" : 6122,
      "compressedSize" : 1605,
      "required" : ["sap/ui/commons/TextView.js", "sap/ui/commons/layout/MatrixLayoutCell.js", "sap/ui/commons/layout/MatrixLayoutRenderer.js", "sap/ui/commons/layout/MatrixLayoutRow.js", "sap/ui/commons/library.js", "sap/ui/core/Control.js", "sap/ui/core/EnabledPropagator.js", "sap/ui/thirdparty/jquery.js", "ui5loader-autoconfig.js"],
      "includes" : []
    },
    {
      "name" : "sap/ui/commons/layout/MatrixLayoutCell.js",
      "description" : "Provides control sap.ui.commons.layout.MatrixLayoutCell.",
      "size" : 6060,
      "compressedSize" : 1046,
      "required" : ["sap/ui/commons/library.js", "sap/ui/core/CustomStyleClassSupport.js", "sap/ui/core/Element.js", "ui5loader-autoconfig.js"],
      "includes" : []
    },
    {
      "name" : "sap/ui/commons/layout/MatrixLayoutRenderer.js",
      "description" : "Provides default renderer for control sap.ui.commons.layout.MatrixLayout",
      "size" : 19764,
      "compressedSize" : 7579,
      "required" : ["sap/base/assert.js", "sap/ui/Device.js", "sap/ui/commons/library.js", "ui5loader-autoconfig.js"],
      "includes" : []
    },
    {
      "name" : "sap/ui/commons/layout/MatrixLayoutRow.js",
      "description" : "Provides control sap.ui.commons.layout.MatrixLayoutRow.",
      "size" : 4350,
      "compressedSize" : 690,
      "required" : ["sap/ui/commons/library.js", "sap/ui/core/CustomStyleClassSupport.js", "sap/ui/core/Element.js", "ui5loader-autoconfig.js"],
      "includes" : []
    },
    {
      "name" : "sap/ui/commons/layout/PositionContainer.js",
      "description" : "Provides control sap.ui.commons.layout.PositionContainer.",
      "size" : 12561,
      "compressedSize" : 5102,
      "required" : ["sap/base/Log.js", "sap/ui/commons/library.js", "sap/ui/core/Element.js", "sap/ui/core/ResizeHandler.js", "ui5loader-autoconfig.js"],
      "includes" : []
    },
    {
      "name" : "sap/ui/commons/layout/ResponsiveFlowLayout.js",
      "description" : "Provides control sap.ui.commons.layout.ResponsiveFlowLayout.",
      "size" : 1580,
      "compressedSize" : 454,
      "required" : ["sap/ui/commons/layout/ResponsiveFlowLayoutRenderer.js", "sap/ui/commons/library.js", "sap/ui/layout/ResponsiveFlowLayout.js", "ui5loader-autoconfig.js"],
      "includes" : []
    },
    {
      "name" : "sap/ui/commons/layout/ResponsiveFlowLayoutData.js",
      "description" : "Provides control sap.ui.commons.layout.ResponsiveFlowLayoutData.",
      "size" : 2238,
      "compressedSize" : 427,
      "required" : ["sap/ui/commons/library.js", "sap/ui/layout/ResponsiveFlowLayoutData.js", "ui5loader-autoconfig.js"],
      "includes" : []
    },
    {
      "name" : "sap/ui/commons/layout/ResponsiveFlowLayoutRenderer.js",
      "description" : "! UI development toolkit for HTML5 (OpenUI5) (c) Copyright 2009-2018 SAP SE or an SAP affiliate company. Licensed under the Apache License, Version 2.0 - see LICENSE.txt.",
      "size" : 501,
      "compressedSize" : 333,
      "required" : ["sap/ui/core/Renderer.js", "sap/ui/layout/ResponsiveFlowLayoutRenderer.js", "ui5loader-autoconfig.js"],
      "includes" : []
    },
    {
      "name" : "sap/ui/commons/layout/VerticalLayout.js",
      "description" : "Provides control sap.ui.commons.layout.VerticalLayout.",
      "size" : 1358,
      "compressedSize" : 436,
      "required" : ["sap/ui/commons/layout/VerticalLayoutRenderer.js", "sap/ui/commons/library.js", "sap/ui/layout/VerticalLayout.js", "ui5loader-autoconfig.js"],
      "includes" : []
    },
    {
      "name" : "sap/ui/commons/layout/VerticalLayoutRenderer.js",
      "description" : "Provides default renderer for control sap.ui.commons.layout.VerticalLayout",
      "size" : 551,
      "compressedSize" : 327,
      "required" : ["sap/ui/core/Renderer.js", "sap/ui/layout/VerticalLayoutRenderer.js", "ui5loader-autoconfig.js"],
      "includes" : []
    },
    {
      "name" : "sap/ui/commons/library-h2-preload.js",
      "size" : 39095,
      "required" : ["jquery.sap.events.js", "jquery.sap.strings.js", "sap/base/Log.js", "sap/base/assert.js", "sap/base/security/encodeXML.js", "sap/base/security/sanitizeHTML.js", "sap/base/strings/capitalize.js", "sap/base/util/ObjectPath.js", "sap/ui/Device.js", "sap/ui/base/DataType.js", "sap/ui/base/Event.js", "sap/ui/core/Control.js", "sap/ui/core/Core.js", "sap/ui/core/CustomStyleClassSupport.js", "sap/ui/core/Element.js", "sap/ui/core/ElementMetadata.js", "sap/ui/core/EnabledPropagator.js", "sap/ui/core/History.js", "sap/ui/core/Icon.js", "sap/ui/core/IconPool.js", "sap/ui/core/LabelEnablement.js", "sap/ui/core/ListItem.js", "sap/ui/core/Locale.js", "sap/ui/core/LocaleData.js", "sap/ui/core/Popup.js", "sap/ui/core/RenderManager.js", "sap/ui/core/Renderer.js", "sap/ui/core/ResizeHandler.js", "sap/ui/core/SeparatorItem.js", "sap/ui/core/Title.js", "sap/ui/core/TooltipBase.js", "sap/ui/core/ValueStateSupport.js", "sap/ui/core/date/UniversalDate.js", "sap/ui/core/delegate/ItemNavigation.js", "sap/ui/core/delegate/ScrollEnablement.js", "sap/ui/core/format/DateFormat.js", "sap/ui/core/library.js", "sap/ui/core/search/OpenSearchProvider.js", "sap/ui/core/theming/Parameters.js", "sap/ui/dom/containsOrEquals.js", "sap/ui/dom/jquery/Focusable.js", "sap/ui/dom/jquery/Selectors.js", "sap/ui/dom/jquery/control.js", "sap/ui/dom/jquery/cursorPos.js", "sap/ui/dom/jquery/getSelectedText.js", "sap/ui/dom/jquery/parentByAttribute.js", "sap/ui/dom/jquery/selectText.js", "sap/ui/dom/jquery/zIndex.js", "sap/ui/events/ControlEvents.js", "sap/ui/events/KeyCodes.js", "sap/ui/events/checkMouseEnterOrLeave.js", "sap/ui/events/jquery/EventExtension.js", "sap/ui/layout/HorizontalLayout.js", "sap/ui/layout/HorizontalLayoutRenderer.js", "sap/ui/layout/ResponsiveFlowLayout.js", "sap/ui/layout/ResponsiveFlowLayoutData.js", "sap/ui/layout/ResponsiveFlowLayoutRenderer.js", "sap/ui/layout/VerticalLayout.js", "sap/ui/layout/VerticalLayoutRenderer.js", "sap/ui/layout/form/Form.js", "sap/ui/layout/form/FormContainer.js", "sap/ui/layout/form/FormElement.js", "sap/ui/layout/form/FormLayout.js", "sap/ui/layout/form/FormLayoutRenderer.js", "sap/ui/layout/form/FormRenderer.js", "sap/ui/layout/form/GridContainerData.js", "sap/ui/layout/form/GridElementData.js", "sap/ui/layout/form/GridLayout.js", "sap/ui/layout/form/GridLayoutRenderer.js", "sap/ui/layout/form/ResponsiveLayout.js", "sap/ui/layout/form/ResponsiveLayoutRenderer.js", "sap/ui/layout/form/SimpleForm.js", "sap/ui/layout/form/SimpleFormRenderer.js", "sap/ui/layout/library.js", "sap/ui/model/FilterType.js", "sap/ui/model/type/Date.js", "sap/ui/thirdparty/jquery.js", "sap/ui/thirdparty/jqueryui/jquery-ui-core.js", "sap/ui/thirdparty/jqueryui/jquery-ui-mouse.js", "sap/ui/thirdparty/jqueryui/jquery-ui-position.js", "sap/ui/thirdparty/jqueryui/jquery-ui-sortable.js", "sap/ui/thirdparty/jqueryui/jquery-ui-widget.js", "sap/ui/unified/ColorPicker.js", "sap/ui/unified/FileUploader.js", "sap/ui/unified/FileUploaderParameter.js", "sap/ui/unified/FileUploaderRenderer.js", "sap/ui/unified/Menu.js", "sap/ui/unified/MenuItem.js", "sap/ui/unified/MenuItemBase.js", "sap/ui/unified/MenuRenderer.js", "sap/ui/unified/MenuTextFieldItem.js", "sap/ui/unified/library.js", "ui5loader-autoconfig.js"],
      "includes" : ["sap/ui/commons/library.js", "sap/ui/commons/manifest.json", "sap/ui/commons/Accordion.js", "sap/ui/commons/AccordionRenderer.js", "sap/ui/commons/AccordionSection.js", "sap/ui/commons/ApplicationHeader.js", "sap/ui/commons/ApplicationHeaderRenderer.js", "sap/ui/commons/Area.js", "sap/ui/commons/AutoComplete.js", "sap/ui/commons/AutoCompleteRenderer.js", "sap/ui/commons/Button.js", "sap/ui/commons/ButtonRenderer.js", "sap/ui/commons/Callout.js", "sap/ui/commons/CalloutBase.js", "sap/ui/commons/CalloutBaseRenderer.js", "sap/ui/commons/CalloutRenderer.js", "sap/ui/commons/Carousel.js", "sap/ui/commons/CarouselRenderer.js", "sap/ui/commons/CheckBox.js", "sap/ui/commons/CheckBoxRenderer.js", "sap/ui/commons/ColorPicker.js", "sap/ui/commons/ComboBox.js", "sap/ui/commons/ComboBoxRenderer.js", "sap/ui/commons/DatePicker.js", "sap/ui/commons/DatePickerRenderer.js", "sap/ui/commons/Dialog.js", "sap/ui/commons/DialogRenderer.js", "sap/ui/commons/DropdownBox.js", "sap/ui/commons/DropdownBoxRenderer.js", "sap/ui/commons/FileUploader.js", "sap/ui/commons/FileUploaderParameter.js", "sap/ui/commons/FileUploaderRenderer.js", "sap/ui/commons/FormattedTextView.js", "sap/ui/commons/FormattedTextViewRenderer.js", "sap/ui/commons/HorizontalDivider.js", "sap/ui/commons/HorizontalDividerRenderer.js", "sap/ui/commons/Image.js", "sap/ui/commons/ImageMap.js", "sap/ui/commons/ImageMapRenderer.js", "sap/ui/commons/ImageRenderer.js", "sap/ui/commons/InPlaceEdit.js", "sap/ui/commons/InPlaceEditRenderer.js", "sap/ui/commons/Label.js", "sap/ui/commons/LabelRenderer.js", "sap/ui/commons/Link.js", "sap/ui/commons/LinkRenderer.js", "sap/ui/commons/ListBox.js", "sap/ui/commons/ListBoxRenderer.js", "sap/ui/commons/Menu.js", "sap/ui/commons/MenuBar.js", "sap/ui/commons/MenuBarRenderer.js", "sap/ui/commons/MenuButton.js", "sap/ui/commons/MenuButtonRenderer.js", "sap/ui/commons/MenuItem.js", "sap/ui/commons/MenuItemBase.js", "sap/ui/commons/MenuRenderer.js", "sap/ui/commons/MenuTextFieldItem.js", "sap/ui/commons/Message.js", "sap/ui/commons/MessageBar.js", "sap/ui/commons/MessageBarRenderer.js", "sap/ui/commons/MessageBox.js", "sap/ui/commons/MessageList.js", "sap/ui/commons/MessageListRenderer.js", "sap/ui/commons/MessageRenderer.js", "sap/ui/commons/MessageToast.js", "sap/ui/commons/MessageToastRenderer.js", "sap/ui/commons/Paginator.js", "sap/ui/commons/PaginatorRenderer.js", "sap/ui/commons/Panel.js", "sap/ui/commons/PanelRenderer.js", "sap/ui/commons/PasswordField.js", "sap/ui/commons/PasswordFieldRenderer.js", "sap/ui/commons/ProgressIndicator.js", "sap/ui/commons/ProgressIndicatorRenderer.js", "sap/ui/commons/RadioButton.js", "sap/ui/commons/RadioButtonGroup.js", "sap/ui/commons/RadioButtonGroupRenderer.js", "sap/ui/commons/RadioButtonRenderer.js", "sap/ui/commons/RangeSlider.js", "sap/ui/commons/RangeSliderRenderer.js", "sap/ui/commons/RatingIndicator.js", "sap/ui/commons/RatingIndicatorRenderer.js", "sap/ui/commons/ResponsiveContainer.js", "sap/ui/commons/ResponsiveContainerRange.js", "sap/ui/commons/ResponsiveContainerRenderer.js", "sap/ui/commons/RichTooltip.js", "sap/ui/commons/RichTooltipRenderer.js", "sap/ui/commons/RoadMap.js", "sap/ui/commons/RoadMapRenderer.js", "sap/ui/commons/RoadMapStep.js", "sap/ui/commons/RowRepeater.js", "sap/ui/commons/RowRepeaterFilter.js", "sap/ui/commons/RowRepeaterRenderer.js", "sap/ui/commons/RowRepeaterSorter.js", "sap/ui/commons/SearchField.js", "sap/ui/commons/SearchFieldRenderer.js", "sap/ui/commons/SearchProvider.js", "sap/ui/commons/SegmentedButton.js", "sap/ui/commons/SegmentedButtonRenderer.js", "sap/ui/commons/Slider.js", "sap/ui/commons/SliderRenderer.js", "sap/ui/commons/Splitter.js", "sap/ui/commons/SplitterRenderer.js", "sap/ui/commons/Tab.js", "sap/ui/commons/TabStrip.js", "sap/ui/commons/TabStripRenderer.js", "sap/ui/commons/TextArea.js", "sap/ui/commons/TextAreaRenderer.js", "sap/ui/commons/TextField.js", "sap/ui/commons/TextFieldRenderer.js", "sap/ui/commons/TextView.js", "sap/ui/commons/TextViewRenderer.js", "sap/ui/commons/Title.js", "sap/ui/commons/ToggleButton.js", "sap/ui/commons/ToggleButtonRenderer.js", "sap/ui/commons/Toolbar.js", "sap/ui/commons/ToolbarRenderer.js", "sap/ui/commons/ToolbarSeparator.js", "sap/ui/commons/Tree.js", "sap/ui/commons/TreeNode.js", "sap/ui/commons/TreeRenderer.js", "sap/ui/commons/TriStateCheckBox.js", "sap/ui/commons/TriStateCheckBoxRenderer.js", "sap/ui/commons/ValueHelpField.js", "sap/ui/commons/ValueHelpFieldRenderer.js", "sap/ui/commons/form/Form.js", "sap/ui/commons/form/FormContainer.js", "sap/ui/commons/form/FormElement.js", "sap/ui/commons/form/FormLayout.js", "sap/ui/commons/form/FormLayoutRenderer.js", "sap/ui/commons/form/FormRenderer.js", "sap/ui/commons/form/GridContainerData.js", "sap/ui/commons/form/GridElementData.js", "sap/ui/commons/form/GridLayout.js", "sap/ui/commons/form/GridLayoutRenderer.js", "sap/ui/commons/form/ResponsiveLayout.js", "sap/ui/commons/form/ResponsiveLayoutRenderer.js", "sap/ui/commons/form/SimpleForm.js", "sap/ui/commons/form/SimpleFormRenderer.js", "sap/ui/commons/layout/AbsoluteLayout.js", "sap/ui/commons/layout/AbsoluteLayoutRenderer.js", "sap/ui/commons/layout/BorderLayout.js", "sap/ui/commons/layout/BorderLayoutArea.js", "sap/ui/commons/layout/BorderLayoutRenderer.js", "sap/ui/commons/layout/HorizontalLayout.js", "sap/ui/commons/layout/HorizontalLayoutRenderer.js", "sap/ui/commons/layout/MatrixLayout.js", "sap/ui/commons/layout/MatrixLayoutCell.js", "sap/ui/commons/layout/MatrixLayoutRenderer.js", "sap/ui/commons/layout/MatrixLayoutRow.js", "sap/ui/commons/layout/PositionContainer.js", "sap/ui/commons/layout/ResponsiveFlowLayout.js", "sap/ui/commons/layout/ResponsiveFlowLayoutData.js", "sap/ui/commons/layout/ResponsiveFlowLayoutRenderer.js", "sap/ui/commons/layout/VerticalLayout.js", "sap/ui/commons/layout/VerticalLayoutRenderer.js"]
    },
    {
      "name" : "sap/ui/commons/library-preload.js",
      "size" : 541113,
      "required" : ["jquery.sap.events.js", "jquery.sap.strings.js", "sap/base/Log.js", "sap/base/assert.js", "sap/base/security/encodeXML.js", "sap/base/security/sanitizeHTML.js", "sap/base/strings/capitalize.js", "sap/base/util/ObjectPath.js", "sap/ui/Device.js", "sap/ui/base/DataType.js", "sap/ui/base/Event.js", "sap/ui/core/Control.js", "sap/ui/core/Core.js", "sap/ui/core/CustomStyleClassSupport.js", "sap/ui/core/Element.js", "sap/ui/core/ElementMetadata.js", "sap/ui/core/EnabledPropagator.js", "sap/ui/core/History.js", "sap/ui/core/Icon.js", "sap/ui/core/IconPool.js", "sap/ui/core/LabelEnablement.js", "sap/ui/core/ListItem.js", "sap/ui/core/Locale.js", "sap/ui/core/LocaleData.js", "sap/ui/core/Popup.js", "sap/ui/core/RenderManager.js", "sap/ui/core/Renderer.js", "sap/ui/core/ResizeHandler.js", "sap/ui/core/SeparatorItem.js", "sap/ui/core/Title.js", "sap/ui/core/TooltipBase.js", "sap/ui/core/ValueStateSupport.js", "sap/ui/core/date/UniversalDate.js", "sap/ui/core/delegate/ItemNavigation.js", "sap/ui/core/delegate/ScrollEnablement.js", "sap/ui/core/format/DateFormat.js", "sap/ui/core/library.js", "sap/ui/core/search/OpenSearchProvider.js", "sap/ui/core/theming/Parameters.js", "sap/ui/dom/containsOrEquals.js", "sap/ui/dom/jquery/Focusable.js", "sap/ui/dom/jquery/Selectors.js", "sap/ui/dom/jquery/control.js", "sap/ui/dom/jquery/cursorPos.js", "sap/ui/dom/jquery/getSelectedText.js", "sap/ui/dom/jquery/parentByAttribute.js", "sap/ui/dom/jquery/selectText.js", "sap/ui/dom/jquery/zIndex.js", "sap/ui/events/ControlEvents.js", "sap/ui/events/KeyCodes.js", "sap/ui/events/checkMouseEnterOrLeave.js", "sap/ui/events/jquery/EventExtension.js", "sap/ui/layout/HorizontalLayout.js", "sap/ui/layout/HorizontalLayoutRenderer.js", "sap/ui/layout/ResponsiveFlowLayout.js", "sap/ui/layout/ResponsiveFlowLayoutData.js", "sap/ui/layout/ResponsiveFlowLayoutRenderer.js", "sap/ui/layout/VerticalLayout.js", "sap/ui/layout/VerticalLayoutRenderer.js", "sap/ui/layout/form/Form.js", "sap/ui/layout/form/FormContainer.js", "sap/ui/layout/form/FormElement.js", "sap/ui/layout/form/FormLayout.js", "sap/ui/layout/form/FormLayoutRenderer.js", "sap/ui/layout/form/FormRenderer.js", "sap/ui/layout/form/GridContainerData.js", "sap/ui/layout/form/GridElementData.js", "sap/ui/layout/form/GridLayout.js", "sap/ui/layout/form/GridLayoutRenderer.js", "sap/ui/layout/form/ResponsiveLayout.js", "sap/ui/layout/form/ResponsiveLayoutRenderer.js", "sap/ui/layout/form/SimpleForm.js", "sap/ui/layout/form/SimpleFormRenderer.js", "sap/ui/layout/library.js", "sap/ui/model/FilterType.js", "sap/ui/model/type/Date.js", "sap/ui/thirdparty/jquery.js", "sap/ui/thirdparty/jqueryui/jquery-ui-core.js", "sap/ui/thirdparty/jqueryui/jquery-ui-mouse.js", "sap/ui/thirdparty/jqueryui/jquery-ui-position.js", "sap/ui/thirdparty/jqueryui/jquery-ui-sortable.js", "sap/ui/thirdparty/jqueryui/jquery-ui-widget.js", "sap/ui/unified/ColorPicker.js", "sap/ui/unified/FileUploader.js", "sap/ui/unified/FileUploaderParameter.js", "sap/ui/unified/FileUploaderRenderer.js", "sap/ui/unified/Menu.js", "sap/ui/unified/MenuItem.js", "sap/ui/unified/MenuItemBase.js", "sap/ui/unified/MenuRenderer.js", "sap/ui/unified/MenuTextFieldItem.js", "sap/ui/unified/library.js", "ui5loader-autoconfig.js"],
      "includes" : ["sap/ui/commons/Accordion.js", "sap/ui/commons/AccordionRenderer.js", "sap/ui/commons/AccordionSection.js", "sap/ui/commons/ApplicationHeader.js", "sap/ui/commons/ApplicationHeaderRenderer.js", "sap/ui/commons/Area.js", "sap/ui/commons/AutoComplete.js", "sap/ui/commons/AutoCompleteRenderer.js", "sap/ui/commons/Button.js", "sap/ui/commons/ButtonRenderer.js", "sap/ui/commons/Callout.js", "sap/ui/commons/CalloutBase.js", "sap/ui/commons/CalloutBaseRenderer.js", "sap/ui/commons/CalloutRenderer.js", "sap/ui/commons/Carousel.js", "sap/ui/commons/CarouselRenderer.js", "sap/ui/commons/CheckBox.js", "sap/ui/commons/CheckBoxRenderer.js", "sap/ui/commons/ColorPicker.js", "sap/ui/commons/ComboBox.js", "sap/ui/commons/ComboBoxRenderer.js", "sap/ui/commons/DatePicker.js", "sap/ui/commons/DatePickerRenderer.js", "sap/ui/commons/Dialog.js", "sap/ui/commons/DialogRenderer.js", "sap/ui/commons/DropdownBox.js", "sap/ui/commons/DropdownBoxRenderer.js", "sap/ui/commons/FileUploader.js", "sap/ui/commons/FileUploaderParameter.js", "sap/ui/commons/FileUploaderRenderer.js", "sap/ui/commons/FormattedTextView.js", "sap/ui/commons/FormattedTextViewRenderer.js", "sap/ui/commons/HorizontalDivider.js", "sap/ui/commons/HorizontalDividerRenderer.js", "sap/ui/commons/Image.js", "sap/ui/commons/ImageMap.js", "sap/ui/commons/ImageMapRenderer.js", "sap/ui/commons/ImageRenderer.js", "sap/ui/commons/InPlaceEdit.js", "sap/ui/commons/InPlaceEditRenderer.js", "sap/ui/commons/Label.js", "sap/ui/commons/LabelRenderer.js", "sap/ui/commons/Link.js", "sap/ui/commons/LinkRenderer.js", "sap/ui/commons/ListBox.js", "sap/ui/commons/ListBoxRenderer.js", "sap/ui/commons/Menu.js", "sap/ui/commons/MenuBar.js", "sap/ui/commons/MenuBarRenderer.js", "sap/ui/commons/MenuButton.js", "sap/ui/commons/MenuButtonRenderer.js", "sap/ui/commons/MenuItem.js", "sap/ui/commons/MenuItemBase.js", "sap/ui/commons/MenuRenderer.js", "sap/ui/commons/MenuTextFieldItem.js", "sap/ui/commons/Message.js", "sap/ui/commons/MessageBar.js", "sap/ui/commons/MessageBarRenderer.js", "sap/ui/commons/MessageBox.js", "sap/ui/commons/MessageList.js", "sap/ui/commons/MessageListRenderer.js", "sap/ui/commons/MessageRenderer.js", "sap/ui/commons/MessageToast.js", "sap/ui/commons/MessageToastRenderer.js", "sap/ui/commons/Paginator.js", "sap/ui/commons/PaginatorRenderer.js", "sap/ui/commons/Panel.js", "sap/ui/commons/PanelRenderer.js", "sap/ui/commons/PasswordField.js", "sap/ui/commons/PasswordFieldRenderer.js", "sap/ui/commons/ProgressIndicator.js", "sap/ui/commons/ProgressIndicatorRenderer.js", "sap/ui/commons/RadioButton.js", "sap/ui/commons/RadioButtonGroup.js", "sap/ui/commons/RadioButtonGroupRenderer.js", "sap/ui/commons/RadioButtonRenderer.js", "sap/ui/commons/RangeSlider.js", "sap/ui/commons/RangeSliderRenderer.js", "sap/ui/commons/RatingIndicator.js", "sap/ui/commons/RatingIndicatorRenderer.js", "sap/ui/commons/ResponsiveContainer.js", "sap/ui/commons/ResponsiveContainerRange.js", "sap/ui/commons/ResponsiveContainerRenderer.js", "sap/ui/commons/RichTooltip.js", "sap/ui/commons/RichTooltipRenderer.js", "sap/ui/commons/RoadMap.js", "sap/ui/commons/RoadMapRenderer.js", "sap/ui/commons/RoadMapStep.js", "sap/ui/commons/RowRepeater.js", "sap/ui/commons/RowRepeaterFilter.js", "sap/ui/commons/RowRepeaterRenderer.js", "sap/ui/commons/RowRepeaterSorter.js", "sap/ui/commons/SearchField.js", "sap/ui/commons/SearchFieldRenderer.js", "sap/ui/commons/SearchProvider.js", "sap/ui/commons/SegmentedButton.js", "sap/ui/commons/SegmentedButtonRenderer.js", "sap/ui/commons/Slider.js", "sap/ui/commons/SliderRenderer.js", "sap/ui/commons/Splitter.js", "sap/ui/commons/SplitterRenderer.js", "sap/ui/commons/Tab.js", "sap/ui/commons/TabStrip.js", "sap/ui/commons/TabStripRenderer.js", "sap/ui/commons/TextArea.js", "sap/ui/commons/TextAreaRenderer.js", "sap/ui/commons/TextField.js", "sap/ui/commons/TextFieldRenderer.js", "sap/ui/commons/TextView.js", "sap/ui/commons/TextViewRenderer.js", "sap/ui/commons/Title.js", "sap/ui/commons/ToggleButton.js", "sap/ui/commons/ToggleButtonRenderer.js", "sap/ui/commons/Toolbar.js", "sap/ui/commons/ToolbarRenderer.js", "sap/ui/commons/ToolbarSeparator.js", "sap/ui/commons/Tree.js", "sap/ui/commons/TreeNode.js", "sap/ui/commons/TreeRenderer.js", "sap/ui/commons/TriStateCheckBox.js", "sap/ui/commons/TriStateCheckBoxRenderer.js", "sap/ui/commons/ValueHelpField.js", "sap/ui/commons/ValueHelpFieldRenderer.js", "sap/ui/commons/form/Form.js", "sap/ui/commons/form/FormContainer.js", "sap/ui/commons/form/FormElement.js", "sap/ui/commons/form/FormLayout.js", "sap/ui/commons/form/FormLayoutRenderer.js", "sap/ui/commons/form/FormRenderer.js", "sap/ui/commons/form/GridContainerData.js", "sap/ui/commons/form/GridElementData.js", "sap/ui/commons/form/GridLayout.js", "sap/ui/commons/form/GridLayoutRenderer.js", "sap/ui/commons/form/ResponsiveLayout.js", "sap/ui/commons/form/ResponsiveLayoutRenderer.js", "sap/ui/commons/form/SimpleForm.js", "sap/ui/commons/form/SimpleFormRenderer.js", "sap/ui/commons/layout/AbsoluteLayout.js", "sap/ui/commons/layout/AbsoluteLayoutRenderer.js", "sap/ui/commons/layout/BorderLayout.js", "sap/ui/commons/layout/BorderLayoutArea.js", "sap/ui/commons/layout/BorderLayoutRenderer.js", "sap/ui/commons/layout/HorizontalLayout.js", "sap/ui/commons/layout/HorizontalLayoutRenderer.js", "sap/ui/commons/layout/MatrixLayout.js", "sap/ui/commons/layout/MatrixLayoutCell.js", "sap/ui/commons/layout/MatrixLayoutRenderer.js", "sap/ui/commons/layout/MatrixLayoutRow.js", "sap/ui/commons/layout/PositionContainer.js", "sap/ui/commons/layout/ResponsiveFlowLayout.js", "sap/ui/commons/layout/ResponsiveFlowLayoutData.js", "sap/ui/commons/layout/ResponsiveFlowLayoutRenderer.js", "sap/ui/commons/layout/VerticalLayout.js", "sap/ui/commons/layout/VerticalLayoutRenderer.js", "sap/ui/commons/library.js", "sap/ui/commons/manifest.json"]
    },
    {
      "name" : "sap/ui/commons/library-preload.json",
      "size" : 0,
      "required" : ["jquery.sap.events.js", "jquery.sap.strings.js", "sap/base/Log.js", "sap/base/assert.js", "sap/base/security/encodeXML.js", "sap/base/security/sanitizeHTML.js", "sap/base/strings/capitalize.js", "sap/base/util/ObjectPath.js", "sap/ui/Device.js", "sap/ui/base/DataType.js", "sap/ui/base/Event.js", "sap/ui/core/Control.js", "sap/ui/core/Core.js", "sap/ui/core/CustomStyleClassSupport.js", "sap/ui/core/Element.js", "sap/ui/core/ElementMetadata.js", "sap/ui/core/EnabledPropagator.js", "sap/ui/core/History.js", "sap/ui/core/Icon.js", "sap/ui/core/IconPool.js", "sap/ui/core/LabelEnablement.js", "sap/ui/core/ListItem.js", "sap/ui/core/Locale.js", "sap/ui/core/LocaleData.js", "sap/ui/core/Popup.js", "sap/ui/core/RenderManager.js", "sap/ui/core/Renderer.js", "sap/ui/core/ResizeHandler.js", "sap/ui/core/SeparatorItem.js", "sap/ui/core/Title.js", "sap/ui/core/TooltipBase.js", "sap/ui/core/ValueStateSupport.js", "sap/ui/core/date/UniversalDate.js", "sap/ui/core/delegate/ItemNavigation.js", "sap/ui/core/delegate/ScrollEnablement.js", "sap/ui/core/format/DateFormat.js", "sap/ui/core/library-preload.json", "sap/ui/core/library.js", "sap/ui/core/search/OpenSearchProvider.js", "sap/ui/core/theming/Parameters.js", "sap/ui/dom/containsOrEquals.js", "sap/ui/dom/jquery/Focusable.js", "sap/ui/dom/jquery/Selectors.js", "sap/ui/dom/jquery/control.js", "sap/ui/dom/jquery/cursorPos.js", "sap/ui/dom/jquery/getSelectedText.js", "sap/ui/dom/jquery/parentByAttribute.js", "sap/ui/dom/jquery/selectText.js", "sap/ui/dom/jquery/zIndex.js", "sap/ui/events/ControlEvents.js", "sap/ui/events/KeyCodes.js", "sap/ui/events/checkMouseEnterOrLeave.js", "sap/ui/events/jquery/EventExtension.js", "sap/ui/layout/HorizontalLayout.js", "sap/ui/layout/HorizontalLayoutRenderer.js", "sap/ui/layout/ResponsiveFlowLayout.js", "sap/ui/layout/ResponsiveFlowLayoutData.js", "sap/ui/layout/ResponsiveFlowLayoutRenderer.js", "sap/ui/layout/VerticalLayout.js", "sap/ui/layout/VerticalLayoutRenderer.js", "sap/ui/layout/form/Form.js", "sap/ui/layout/form/FormContainer.js", "sap/ui/layout/form/FormElement.js", "sap/ui/layout/form/FormLayout.js", "sap/ui/layout/form/FormLayoutRenderer.js", "sap/ui/layout/form/FormRenderer.js", "sap/ui/layout/form/GridContainerData.js", "sap/ui/layout/form/GridElementData.js", "sap/ui/layout/form/GridLayout.js", "sap/ui/layout/form/GridLayoutRenderer.js", "sap/ui/layout/form/ResponsiveLayout.js", "sap/ui/layout/form/ResponsiveLayoutRenderer.js", "sap/ui/layout/form/SimpleForm.js", "sap/ui/layout/form/SimpleFormRenderer.js", "sap/ui/layout/library-preload.json", "sap/ui/layout/library.js", "sap/ui/model/FilterType.js", "sap/ui/model/type/Date.js", "sap/ui/thirdparty/jquery.js", "sap/ui/thirdparty/jqueryui/jquery-ui-core.js", "sap/ui/thirdparty/jqueryui/jquery-ui-mouse.js", "sap/ui/thirdparty/jqueryui/jquery-ui-position.js", "sap/ui/thirdparty/jqueryui/jquery-ui-sortable.js", "sap/ui/thirdparty/jqueryui/jquery-ui-widget.js", "sap/ui/unified/ColorPicker.js", "sap/ui/unified/FileUploader.js", "sap/ui/unified/FileUploaderParameter.js", "sap/ui/unified/FileUploaderRenderer.js", "sap/ui/unified/Menu.js", "sap/ui/unified/MenuItem.js", "sap/ui/unified/MenuItemBase.js", "sap/ui/unified/MenuRenderer.js", "sap/ui/unified/MenuTextFieldItem.js", "sap/ui/unified/library-preload.json", "sap/ui/unified/library.js", "ui5loader-autoconfig.js"],
      "includes" : ["sap/ui/commons/Accordion.js", "sap/ui/commons/AccordionRenderer.js", "sap/ui/commons/AccordionSection.js", "sap/ui/commons/ApplicationHeader.js", "sap/ui/commons/ApplicationHeaderRenderer.js", "sap/ui/commons/Area.js", "sap/ui/commons/AutoComplete.js", "sap/ui/commons/AutoCompleteRenderer.js", "sap/ui/commons/Button.js", "sap/ui/commons/ButtonRenderer.js", "sap/ui/commons/Callout.js", "sap/ui/commons/CalloutBase.js", "sap/ui/commons/CalloutBaseRenderer.js", "sap/ui/commons/CalloutRenderer.js", "sap/ui/commons/Carousel.js", "sap/ui/commons/CarouselRenderer.js", "sap/ui/commons/CheckBox.js", "sap/ui/commons/CheckBoxRenderer.js", "sap/ui/commons/ColorPicker.js", "sap/ui/commons/ComboBox.js", "sap/ui/commons/ComboBoxRenderer.js", "sap/ui/commons/DatePicker.js", "sap/ui/commons/DatePickerRenderer.js", "sap/ui/commons/Dialog.js", "sap/ui/commons/DialogRenderer.js", "sap/ui/commons/DropdownBox.js", "sap/ui/commons/DropdownBoxRenderer.js", "sap/ui/commons/FileUploader.js", "sap/ui/commons/FileUploaderParameter.js", "sap/ui/commons/FileUploaderRenderer.js", "sap/ui/commons/FormattedTextView.js", "sap/ui/commons/FormattedTextViewRenderer.js", "sap/ui/commons/HorizontalDivider.js", "sap/ui/commons/HorizontalDividerRenderer.js", "sap/ui/commons/Image.js", "sap/ui/commons/ImageMap.js", "sap/ui/commons/ImageMapRenderer.js", "sap/ui/commons/ImageRenderer.js", "sap/ui/commons/InPlaceEdit.js", "sap/ui/commons/InPlaceEditRenderer.js", "sap/ui/commons/Label.js", "sap/ui/commons/LabelRenderer.js", "sap/ui/commons/Link.js", "sap/ui/commons/LinkRenderer.js", "sap/ui/commons/ListBox.js", "sap/ui/commons/ListBoxRenderer.js", "sap/ui/commons/Menu.js", "sap/ui/commons/MenuBar.js", "sap/ui/commons/MenuBarRenderer.js", "sap/ui/commons/MenuButton.js", "sap/ui/commons/MenuButtonRenderer.js", "sap/ui/commons/MenuItem.js", "sap/ui/commons/MenuItemBase.js", "sap/ui/commons/MenuRenderer.js", "sap/ui/commons/MenuTextFieldItem.js", "sap/ui/commons/Message.js", "sap/ui/commons/MessageBar.js", "sap/ui/commons/MessageBarRenderer.js", "sap/ui/commons/MessageBox.js", "sap/ui/commons/MessageList.js", "sap/ui/commons/MessageListRenderer.js", "sap/ui/commons/MessageRenderer.js", "sap/ui/commons/MessageToast.js", "sap/ui/commons/MessageToastRenderer.js", "sap/ui/commons/Paginator.js", "sap/ui/commons/PaginatorRenderer.js", "sap/ui/commons/Panel.js", "sap/ui/commons/PanelRenderer.js", "sap/ui/commons/PasswordField.js", "sap/ui/commons/PasswordFieldRenderer.js", "sap/ui/commons/ProgressIndicator.js", "sap/ui/commons/ProgressIndicatorRenderer.js", "sap/ui/commons/RadioButton.js", "sap/ui/commons/RadioButtonGroup.js", "sap/ui/commons/RadioButtonGroupRenderer.js", "sap/ui/commons/RadioButtonRenderer.js", "sap/ui/commons/RangeSlider.js", "sap/ui/commons/RangeSliderRenderer.js", "sap/ui/commons/RatingIndicator.js", "sap/ui/commons/RatingIndicatorRenderer.js", "sap/ui/commons/ResponsiveContainer.js", "sap/ui/commons/ResponsiveContainerRange.js", "sap/ui/commons/ResponsiveContainerRenderer.js", "sap/ui/commons/RichTooltip.js", "sap/ui/commons/RichTooltipRenderer.js", "sap/ui/commons/RoadMap.js", "sap/ui/commons/RoadMapRenderer.js", "sap/ui/commons/RoadMapStep.js", "sap/ui/commons/RowRepeater.js", "sap/ui/commons/RowRepeaterFilter.js", "sap/ui/commons/RowRepeaterRenderer.js", "sap/ui/commons/RowRepeaterSorter.js", "sap/ui/commons/SearchField.js", "sap/ui/commons/SearchFieldRenderer.js", "sap/ui/commons/SearchProvider.js", "sap/ui/commons/SegmentedButton.js", "sap/ui/commons/SegmentedButtonRenderer.js", "sap/ui/commons/Slider.js", "sap/ui/commons/SliderRenderer.js", "sap/ui/commons/Splitter.js", "sap/ui/commons/SplitterRenderer.js", "sap/ui/commons/Tab.js", "sap/ui/commons/TabStrip.js", "sap/ui/commons/TabStripRenderer.js", "sap/ui/commons/TextArea.js", "sap/ui/commons/TextAreaRenderer.js", "sap/ui/commons/TextField.js", "sap/ui/commons/TextFieldRenderer.js", "sap/ui/commons/TextView.js", "sap/ui/commons/TextViewRenderer.js", "sap/ui/commons/Title.js", "sap/ui/commons/ToggleButton.js", "sap/ui/commons/ToggleButtonRenderer.js", "sap/ui/commons/Toolbar.js", "sap/ui/commons/ToolbarRenderer.js", "sap/ui/commons/ToolbarSeparator.js", "sap/ui/commons/Tree.js", "sap/ui/commons/TreeNode.js", "sap/ui/commons/TreeRenderer.js", "sap/ui/commons/TriStateCheckBox.js", "sap/ui/commons/TriStateCheckBoxRenderer.js", "sap/ui/commons/ValueHelpField.js", "sap/ui/commons/ValueHelpFieldRenderer.js", "sap/ui/commons/form/Form.js", "sap/ui/commons/form/FormContainer.js", "sap/ui/commons/form/FormElement.js", "sap/ui/commons/form/FormLayout.js", "sap/ui/commons/form/FormLayoutRenderer.js", "sap/ui/commons/form/FormRenderer.js", "sap/ui/commons/form/GridContainerData.js", "sap/ui/commons/form/GridElementData.js", "sap/ui/commons/form/GridLayout.js", "sap/ui/commons/form/GridLayoutRenderer.js", "sap/ui/commons/form/ResponsiveLayout.js", "sap/ui/commons/form/ResponsiveLayoutRenderer.js", "sap/ui/commons/form/SimpleForm.js", "sap/ui/commons/form/SimpleFormRenderer.js", "sap/ui/commons/layout/AbsoluteLayout.js", "sap/ui/commons/layout/AbsoluteLayoutRenderer.js", "sap/ui/commons/layout/BorderLayout.js", "sap/ui/commons/layout/BorderLayoutArea.js", "sap/ui/commons/layout/BorderLayoutRenderer.js", "sap/ui/commons/layout/HorizontalLayout.js", "sap/ui/commons/layout/HorizontalLayoutRenderer.js", "sap/ui/commons/layout/MatrixLayout.js", "sap/ui/commons/layout/MatrixLayoutCell.js", "sap/ui/commons/layout/MatrixLayoutRenderer.js", "sap/ui/commons/layout/MatrixLayoutRow.js", "sap/ui/commons/layout/PositionContainer.js", "sap/ui/commons/layout/ResponsiveFlowLayout.js", "sap/ui/commons/layout/ResponsiveFlowLayoutData.js", "sap/ui/commons/layout/ResponsiveFlowLayoutRenderer.js", "sap/ui/commons/layout/VerticalLayout.js", "sap/ui/commons/layout/VerticalLayoutRenderer.js", "sap/ui/commons/library.js", "sap/ui/commons/manifest.json"]
    },
    {
      "name" : "sap/ui/commons/library.js",
      "description" : "Initialization Code and shared classes of library sap.ui.commons.",
      "size" : 29490,
      "compressedSize" : 9790,
      "required" : ["sap/base/util/ObjectPath.js", "sap/ui/base/DataType.js", "sap/ui/commons/Button.js", "sap/ui/core/library.js", "sap/ui/layout/library.js", "sap/ui/unified/library.js", "ui5loader-autoconfig.js"],
      "includes" : []
    },
    {
      "name" : "sap/ui/commons/manifest.json",
      "size" : 6191,
      "required" : [],
      "includes" : []
    },
    {
      "name" : "sap/ui/commons/messagebundle.properties",
      "size" : 7855,
      "required" : [],
      "includes" : []
    },
    {
      "name" : "sap/ui/commons/messagebundle_ar.properties",
      "size" : 12547,
      "required" : [],
      "includes" : []
    },
    {
      "name" : "sap/ui/commons/messagebundle_bg.properties",
      "size" : 14548,
      "required" : [],
      "includes" : []
    },
    {
      "name" : "sap/ui/commons/messagebundle_ca.properties",
      "size" : 8061,
      "required" : [],
      "includes" : []
    },
    {
      "name" : "sap/ui/commons/messagebundle_cs.properties",
      "size" : 8551,
      "required" : [],
      "includes" : []
    },
    {
      "name" : "sap/ui/commons/messagebundle_da.properties",
      "size" : 7850,
      "required" : [],
      "includes" : []
    },
    {
      "name" : "sap/ui/commons/messagebundle_de.properties",
      "size" : 8001,
      "required" : [],
      "includes" : []
    },
    {
      "name" : "sap/ui/commons/messagebundle_el.properties",
      "size" : 13771,
      "required" : [],
      "includes" : []
    },
    {
      "name" : "sap/ui/commons/messagebundle_en.properties",
      "size" : 7552,
      "required" : [],
      "includes" : []
    },
    {
      "name" : "sap/ui/commons/messagebundle_en_US_sappsd.properties",
      "size" : 15858,
      "required" : [],
      "includes" : []
    },
    {
      "name" : "sap/ui/commons/messagebundle_en_US_saptrc.properties",
      "size" : 9553,
      "required" : [],
      "includes" : []
    },
    {
      "name" : "sap/ui/commons/messagebundle_es.properties",
      "size" : 8136,
      "required" : [],
      "includes" : []
    },
    {
      "name" : "sap/ui/commons/messagebundle_et.properties",
      "size" : 8013,
      "required" : [],
      "includes" : []
    },
    {
      "name" : "sap/ui/commons/messagebundle_fi.properties",
      "size" : 8227,
      "required" : [],
      "includes" : []
    },
    {
      "name" : "sap/ui/commons/messagebundle_fr.properties",
      "size" : 8177,
      "required" : [],
      "includes" : []
    },
    {
      "name" : "sap/ui/commons/messagebundle_hi.properties",
      "size" : 12811,
      "required" : [],
      "includes" : []
    },
    {
      "name" : "sap/ui/commons/messagebundle_hr.properties",
      "size" : 8019,
      "required" : [],
      "includes" : []
    },
    {
      "name" : "sap/ui/commons/messagebundle_hu.properties",
      "size" : 8814,
      "required" : [],
      "includes" : []
    },
    {
      "name" : "sap/ui/commons/messagebundle_it.properties",
      "size" : 7985,
      "required" : [],
      "includes" : []
    },
    {
      "name" : "sap/ui/commons/messagebundle_iw.properties",
      "size" : 11233,
      "required" : [],
      "includes" : []
    },
    {
      "name" : "sap/ui/commons/messagebundle_ja.properties",
      "size" : 9929,
      "required" : [],
      "includes" : []
    },
    {
      "name" : "sap/ui/commons/messagebundle_kk.properties",
      "size" : 13707,
      "required" : [],
      "includes" : []
    },
    {
      "name" : "sap/ui/commons/messagebundle_ko.properties",
      "size" : 9602,
      "required" : [],
      "includes" : []
    },
    {
      "name" : "sap/ui/commons/messagebundle_lt.properties",
      "size" : 8581,
      "required" : [],
      "includes" : []
    },
    {
      "name" : "sap/ui/commons/messagebundle_lv.properties",
      "size" : 8667,
      "required" : [],
      "includes" : []
    },
    {
      "name" : "sap/ui/commons/messagebundle_ms.properties",
      "size" : 7796,
      "required" : [],
      "includes" : []
    },
    {
      "name" : "sap/ui/commons/messagebundle_nl.properties",
      "size" : 7772,
      "required" : [],
      "includes" : []
    },
    {
      "name" : "sap/ui/commons/messagebundle_no.properties",
      "size" : 7864,
      "required" : [],
      "includes" : []
    },
    {
      "name" : "sap/ui/commons/messagebundle_pl.properties",
      "size" : 8451,
      "required" : [],
      "includes" : []
    },
    {
      "name" : "sap/ui/commons/messagebundle_pt.properties",
      "size" : 8096,
      "required" : [],
      "includes" : []
    },
    {
      "name" : "sap/ui/commons/messagebundle_ro.properties",
      "size" : 8337,
      "required" : [],
      "includes" : []
    },
    {
      "name" : "sap/ui/commons/messagebundle_ru.properties",
      "size" : 14187,
      "required" : [],
      "includes" : []
    },
    {
      "name" : "sap/ui/commons/messagebundle_sh.properties",
      "size" : 8040,
      "required" : [],
      "includes" : []
    },
    {
      "name" : "sap/ui/commons/messagebundle_sk.properties",
      "size" : 8491,
      "required" : [],
      "includes" : []
    },
    {
      "name" : "sap/ui/commons/messagebundle_sl.properties",
      "size" : 8065,
      "required" : [],
      "includes" : []
    },
    {
      "name" : "sap/ui/commons/messagebundle_sv.properties",
      "size" : 7980,
      "required" : [],
      "includes" : []
    },
    {
      "name" : "sap/ui/commons/messagebundle_th.properties",
      "size" : 12765,
      "required" : [],
      "includes" : []
    },
    {
      "name" : "sap/ui/commons/messagebundle_tr.properties",
      "size" : 8561,
      "required" : [],
      "includes" : []
    },
    {
      "name" : "sap/ui/commons/messagebundle_uk.properties",
      "size" : 14141,
      "required" : [],
      "includes" : []
    },
    {
      "name" : "sap/ui/commons/messagebundle_vi.properties",
      "size" : 9870,
      "required" : [],
      "includes" : []
    },
    {
      "name" : "sap/ui/commons/messagebundle_zh_CN.properties",
      "size" : 8720,
      "required" : [],
      "includes" : []
    },
    {
      "name" : "sap/ui/commons/messagebundle_zh_TW.properties",
      "size" : 8711,
      "required" : [],
      "includes" : []
    }
  ]
}
